{
  "version": 1.0,
  "egoVehicle": {
    "DataID": 20200003,
    "UNIQUEID": -1,
    "m_eobstacleObjType": 0,
    "initPosition": {
      "initPositionMode": "Absolute",
      "pos": {
        "x": -7.5,
        "y": 2455.76708984375,
        "z": -0.15899999439716339,
        "_x": "-7.500",
        "_y": "2,455.767",
        "_z": "-0.159"
      },
      "rot": {
        "roll": "0.000",
        "pitch": "0.355",
        "yaw": "-90.000"
      },
      "initLink": "",
      "initLinkRatio": 0,
      "gear": 1,
      "vehicleSaveData": {
        "velocity": 2.97438475627132E-07,
        "inputData": [
          0,
          0,
          0,
          10000,
          10000,
          0,
          1,
          0,
          0,
          0
        ],
        "vehicle": {
          "time": 1554.35400390625,
          "lastVelocity": {
            "x": 1.8490505793167245E-09,
            "y": -4.4677552324401404E-08,
            "z": -4.3239325009380991E-08
          },
          "lastImpactTime": 0.0
        },
        "wheels": [
          {
            "L": 3.8530711954365415E-10,
            "Tr": 1.2574060974657186E-06,
            "contactDepth": 0.051180511713027954,
            "lastTireForce": {
              "x": 2.4054920686467085E-06,
              "y": -3.810321459241095E-06
            }
          },
          {
            "L": 5.340670128362035E-10,
            "Tr": 1.2548997574413079E-06,
            "contactDepth": 0.051180511713027954,
            "lastTireForce": {
              "x": -1.5149754517551628E-06,
              "y": -3.8027264963602647E-06
            }
          },
          {
            "L": 9.2809929426245722E-17,
            "Tr": 0.0,
            "contactDepth": 0.034428954124450684,
            "lastTireForce": {
              "x": -2.5828589400589408E-07,
              "y": -0.00037797261029481888
            }
          },
          {
            "L": 1.1731790131276284E-16,
            "Tr": 0.0,
            "contactDepth": 0.034428954124450684,
            "lastTireForce": {
              "x": -2.5828592242760351E-07,
              "y": -0.00037833803799003363
            }
          }
        ],
        "engine": {
          "L": 39.2699089050293,
          "Treaction": -28.470832824707031,
          "rpmLimiterActive": false,
          "rpmLimiterTime": 0.0,
          "tcsActivationTime": -1.0
        },
        "gearbox": {
          "L": 0.014877787791192532,
          "manualGear": 0,
          "manualRatio": 0.0,
          "engaged": false,
          "lastEngagedTime": 0.0,
          "lastAutoShiftTime": 0.0,
          "vehicleMoving": false,
          "gearMode": 1,
          "automaticGear": 0,
          "automaticRatio": 3.6649999618530273,
          "transition": false,
          "transitionStartedTime": 325.01992797851563,
          "fromGear": 2,
          "toGear": 1,
          "fromRatio": 2.3959999084472656,
          "toRatio": 3.6649999618530273,
          "transitionRatio": 3.6649999618530273
        },
        "lastVelocity": {
          "x": 1.8490505793167245E-09,
          "y": -4.4677552324401404E-08,
          "z": -4.3239325009380991E-08
        }
      }
    },
    "currentVelocity": 2.97438475627132E-07,
    "v2vUDPSessionInfo": {
      "isInit": false,
      "v2vConfig": {
        "hostIP": "0.0.0.0",
        "Port": 5641,
        "receiveTimeout": 0,
        "BuffSize": 8196,
        "surroundVehiclePubTime": 100
      }
    },
    "beforeControlMode": 0,
    "currentControlMode": 1
  },
  "vehicleList": [
    {
      "DataID": 30200003,
      "UNIQUEID": 15,
      "m_eobstacleObjType": 1,
      "initPosition": {
        "initPositionMode": "Absolute",
        "pos": {
          "x": -2.36299991607666,
          "y": 2405.31591796875,
          "z": -0.15899999439716339,
          "_x": "-2.363",
          "_y": "2,405.316",
          "_z": "-0.159"
        },
        "rot": {
          "roll": "0.000",
          "pitch": "0.341",
          "yaw": "-90.000"
        },
        "initLink": "LN000075",
        "initLinkRatio": 0,
        "gear": 4,
        "vehicleSaveData": {
          "velocity": 55.005401611328125,
          "inputData": [
            0,
            1964,
            0,
            0,
            0,
            3,
            4,
            0,
            0,
            0
          ],
          "vehicle": {
            "time": 277.94580078125,
            "lastVelocity": {
              "x": -1.128464919020189E-05,
              "y": -0.00047943484969437122,
              "z": 15.28327465057373
            },
            "lastImpactTime": 0.0
          },
          "wheels": [
            {
              "L": 57.997306823730469,
              "Tr": -50.618644714355469,
              "contactDepth": 0.050702422857284546,
              "lastTireForce": {
                "x": 620.70501708984375,
                "y": 225.14656066894531
              }
            },
            {
              "L": 57.997348785400391,
              "Tr": -50.620777130126953,
              "contactDepth": 0.050702869892120361,
              "lastTireForce": {
                "x": -620.35504150390625,
                "y": 225.15303039550781
              }
            },
            {
              "L": 57.997657775878906,
              "Tr": -0.76014417409896851,
              "contactDepth": 0.034696817398071289,
              "lastTireForce": {
                "x": -0.051653765141963959,
                "y": 2.3034672737121582
              }
            },
            {
              "L": 57.997703552246094,
              "Tr": -0.76172208786010742,
              "contactDepth": 0.034700155258178711,
              "lastTireForce": {
                "x": -0.051618743687868118,
                "y": 2.3082492351531982
              }
            }
          ],
          "engine": {
            "L": 141.92520141601563,
            "Treaction": -72.80926513671875,
            "rpmLimiterActive": false,
            "rpmLimiterTime": 0.0,
            "tcsActivationTime": -1.0
          },
          "gearbox": {
            "L": 0.28588360548019409,
            "manualGear": 0,
            "manualRatio": 0.0,
            "engaged": false,
            "lastEngagedTime": 0.0,
            "lastAutoShiftTime": 0.0,
            "vehicleMoving": false,
            "gearMode": 4,
            "automaticGear": 3,
            "automaticRatio": 1.3710000514984131,
            "transition": false,
            "transitionStartedTime": 277.12625122070313,
            "fromGear": 4,
            "toGear": 3,
            "fromRatio": 0.93000000715255737,
            "toRatio": 1.3710000514984131,
            "transitionRatio": 1.3710000514984131
          },
          "lastVelocity": {
            "x": -1.128464919020189E-05,
            "y": -0.00047943484969437122,
            "z": 15.28327465057373
          }
        }
      },
      "velocityType": 2,
      "linkVelocity": 97.930374145507813,
      "constantVelocity": 60.739467620849609,
      "desiredVelocity": 60.739467620849609,
      "currentVelocity": 55.005401611328125,
      "viewCurrentVelocity": 0.0,
      "isCloseLoop": false,
      "isLaneChange": true,
      "isEgo": false,
      "spawnPointUniqueID": 6,
      "destinationUniqueID": 16,
      "startPointLinkInfo": {
        "linkIdx": "LN000075",
        "pointIdx": 82
      },
      "endPointLinkInfo": {
        "linkIdx": "LN000003",
        "pointIdx": 857
      },
      "currentLinkInfo": {
        "linkIdx": "LN000075",
        "pointIdx": 189
      },
      "loopStartLinkInfo": {
        "linkIdx": "",
        "pointIdx": 0
      },
      "v2vUDPSessionInfo": {
        "isInit": false,
        "v2vConfig": {
          "hostIP": "0.0.0.0",
          "Port": 5656,
          "receiveTimeout": 0,
          "BuffSize": 8196,
          "surroundVehiclePubTime": 100
        }
      },
      "latBiasMode": 1,
      "bias": 0.00018301962700206786,
      "destinationMode": 1,
      "vehicleModelType": 257
    },
    {
      "DataID": 30100009,
      "UNIQUEID": 11,
      "m_eobstacleObjType": 1,
      "initPosition": {
        "initPositionMode": "Absolute",
        "pos": {
          "x": 2.3910000324249268,
          "y": -2369.238037109375,
          "z": -0.18600000441074371,
          "_x": "2.391",
          "_y": "-2,369.238",
          "_z": "-0.186"
        },
        "rot": {
          "roll": "0.000",
          "pitch": "359.601",
          "yaw": "90.000"
        },
        "initLink": "LN000004",
        "initLinkRatio": 0,
        "gear": 4,
        "vehicleSaveData": {
          "velocity": 58.255142211914063,
          "inputData": [
            0,
            4152,
            0,
            0,
            0,
            4,
            4,
            0,
            0,
            0
          ],
          "vehicle": {
            "time": 280.40444946289063,
            "lastVelocity": {
              "x": 9.7424135674373247E-06,
              "y": 7.78863159212051E-06,
              "z": -16.179407119750977
            },
            "lastImpactTime": 0.0
          },
          "wheels": [
            {
              "L": 70.148529052734375,
              "Tr": -145.02052307128906,
              "contactDepth": 0.070158906280994415,
              "lastTireForce": {
                "x": 251.73384094238281,
                "y": 597.0703125
              }
            },
            {
              "L": 70.1481704711914,
              "Tr": -145.02780151367188,
              "contactDepth": 0.070159204304218292,
              "lastTireForce": {
                "x": -252.66053771972656,
                "y": 597.0704345703125
              }
            },
            {
              "L": 73.604644775390625,
              "Tr": -13.305429458618164,
              "contactDepth": 0.058601230382919312,
              "lastTireForce": {
                "x": 637.257080078125,
                "y": 51.430976867675781
              }
            },
            {
              "L": 73.604232788085938,
              "Tr": -13.314694404602051,
              "contactDepth": 0.05859982967376709,
              "lastTireForce": {
                "x": -637.27197265625,
                "y": 51.434532165527344
              }
            }
          ],
          "engine": {
            "L": 108.63574981689453,
            "Treaction": -138.92948913574219,
            "rpmLimiterActive": false,
            "rpmLimiterTime": 0.0,
            "tcsActivationTime": -1.0
          },
          "gearbox": {
            "L": 0.214895561337471,
            "manualGear": 0,
            "manualRatio": 0.0,
            "engaged": false,
            "lastEngagedTime": 0.0,
            "lastAutoShiftTime": 0.0,
            "vehicleMoving": false,
            "gearMode": 4,
            "automaticGear": 4,
            "automaticRatio": 1.190000057220459,
            "transition": false,
            "transitionStartedTime": 274.12789916992188,
            "fromGear": 5,
            "toGear": 4,
            "fromRatio": 1.0,
            "toRatio": 1.190000057220459,
            "transitionRatio": 1.190000057220459
          },
          "lastVelocity": {
            "x": 9.7424135674373247E-06,
            "y": 7.78863159212051E-06,
            "z": -16.179407119750977
          }
        }
      },
      "velocityType": 2,
      "linkVelocity": 86.339324951171875,
      "constantVelocity": 66.4810562133789,
      "desiredVelocity": 66.4810562133789,
      "currentVelocity": 58.255142211914063,
      "viewCurrentVelocity": 0.0,
      "isCloseLoop": false,
      "isLaneChange": true,
      "isEgo": false,
      "spawnPointUniqueID": 8,
      "destinationUniqueID": 12,
      "startPointLinkInfo": {
        "linkIdx": "LN000004",
        "pointIdx": 112
      },
      "endPointLinkInfo": {
        "linkIdx": "LN000076",
        "pointIdx": 888
      },
      "currentLinkInfo": {
        "linkIdx": "LN000004",
        "pointIdx": 262
      },
      "loopStartLinkInfo": {
        "linkIdx": "",
        "pointIdx": 0
      },
      "v2vUDPSessionInfo": {
        "isInit": false,
        "v2vConfig": {
          "hostIP": "0.0.0.0",
          "Port": 5652,
          "receiveTimeout": 0,
          "BuffSize": 8196,
          "surroundVehiclePubTime": 100
        }
      },
      "latBiasMode": 1,
      "bias": 0.035805221647024155,
      "destinationMode": 1,
      "vehicleModelType": 257
    },
    {
      "DataID": 30100010,
      "UNIQUEID": 13,
      "m_eobstacleObjType": 1,
      "initPosition": {
        "initPositionMode": "Absolute",
        "pos": {
          "x": -11.767000198364258,
          "y": 2408.825927734375,
          "z": -0.17399999499320984,
          "_x": "-11.767",
          "_y": "2,408.826",
          "_z": "-0.174"
        },
        "rot": {
          "roll": "0.000",
          "pitch": "0.087",
          "yaw": "-89.997"
        },
        "initLink": "LN000073",
        "initLinkRatio": 0,
        "gear": 4,
        "vehicleSaveData": {
          "velocity": 55.980159759521484,
          "inputData": [
            0,
            1876,
            0,
            0,
            0,
            3,
            4,
            0,
            0,
            0
          ],
          "vehicle": {
            "time": 282.94305419921875,
            "lastVelocity": {
              "x": -0.00084733107360079885,
              "y": -4.0660643207957037E-06,
              "z": 15.546253204345703
            },
            "lastImpactTime": 0.0
          },
          "wheels": [
            {
              "L": 64.294326782226563,
              "Tr": -121.87132263183594,
              "contactDepth": 0.04719388484954834,
              "lastTireForce": {
                "x": 229.86117553710938,
                "y": 554.26373291015625
              }
            },
            {
              "L": 64.294639587402344,
              "Tr": -121.88129425048828,
              "contactDepth": 0.0471971333026886,
              "lastTireForce": {
                "x": -228.62849426269531,
                "y": 554.2908935546875
              }
            },
            {
              "L": 62.573471069335938,
              "Tr": 0.77268075942993164,
              "contactDepth": 0.042601853609085083,
              "lastTireForce": {
                "x": -0.43841540813446045,
                "y": -2.2076592445373535
              }
            },
            {
              "L": 62.57379150390625,
              "Tr": 0.76412063837051392,
              "contactDepth": 0.042605161666870117,
              "lastTireForce": {
                "x": -0.43843144178390503,
                "y": -2.183201789855957
              }
            }
          ],
          "engine": {
            "L": 141.55792236328125,
            "Treaction": -95.272689819335938,
            "rpmLimiterActive": false,
            "rpmLimiterTime": 0.0,
            "tcsActivationTime": 278.745361328125
          },
          "gearbox": {
            "L": 0.27961435914039612,
            "manualGear": 0,
            "manualRatio": 0.0,
            "engaged": false,
            "lastEngagedTime": 0.0,
            "lastAutoShiftTime": 0.0,
            "vehicleMoving": false,
            "gearMode": 4,
            "automaticGear": 3,
            "automaticRatio": 1.6100000143051147,
            "transition": false,
            "transitionStartedTime": 280.14459228515625,
            "fromGear": 2,
            "toGear": 3,
            "fromRatio": 2.4000000953674316,
            "toRatio": 1.6100000143051147,
            "transitionRatio": 1.6100000143051147
          },
          "lastVelocity": {
            "x": -0.00084733107360079885,
            "y": -4.0660643207957037E-06,
            "z": 15.546253204345703
          }
        }
      },
      "velocityType": 2,
      "linkVelocity": 94.658920288085938,
      "constantVelocity": 58.1947135925293,
      "desiredVelocity": 58.1947135925293,
      "currentVelocity": 55.980159759521484,
      "viewCurrentVelocity": 0.0,
      "isCloseLoop": false,
      "isLaneChange": true,
      "isEgo": false,
      "spawnPointUniqueID": 2,
      "destinationUniqueID": 14,
      "startPointLinkInfo": {
        "linkIdx": "LN000073",
        "pointIdx": 57
      },
      "endPointLinkInfo": {
        "linkIdx": "LN000001",
        "pointIdx": 921
      },
      "currentLinkInfo": {
        "linkIdx": "LN000073",
        "pointIdx": 182
      },
      "loopStartLinkInfo": {
        "linkIdx": "",
        "pointIdx": 0
      },
      "v2vUDPSessionInfo": {
        "isInit": false,
        "v2vConfig": {
          "hostIP": "0.0.0.0",
          "Port": 5654,
          "receiveTimeout": 0,
          "BuffSize": 8196,
          "surroundVehiclePubTime": 100
        }
      },
      "latBiasMode": 1,
      "bias": -0.058329887688159943,
      "destinationMode": 1,
      "vehicleModelType": 257
    },
    {
      "DataID": 30100012,
      "UNIQUEID": 1,
      "m_eobstacleObjType": 1,
      "initPosition": {
        "initPositionMode": "Absolute",
        "pos": {
          "x": 11.76200008392334,
          "y": -2379.493896484375,
          "z": -0.11500000208616257,
          "_x": "11.762",
          "_y": "-2,379.494",
          "_z": "-0.115"
        },
        "rot": {
          "roll": "0.000",
          "pitch": "0.186",
          "yaw": "89.996"
        },
        "initLink": "LN000006",
        "initLinkRatio": 0,
        "gear": 4,
        "vehicleSaveData": {
          "velocity": 55.62921142578125,
          "inputData": [
            0,
            983,
            0,
            0,
            0,
            3,
            4,
            0,
            0,
            0
          ],
          "vehicle": {
            "time": 283.6226806640625,
            "lastVelocity": {
              "x": -0.0010848406236618757,
              "y": -3.3229589462280273E-06,
              "z": -15.449994087219238
            },
            "lastImpactTime": 0.0
          },
          "wheels": [
            {
              "L": 67.999702453613281,
              "Tr": -32.018501281738281,
              "contactDepth": 0.042726010084152222,
              "lastTireForce": {
                "x": 0.031917206943035126,
                "y": 130.05873107910156
              }
            },
            {
              "L": 67.999702453613281,
              "Tr": -32.018501281738281,
              "contactDepth": 0.0427267849445343,
              "lastTireForce": {
                "x": 0.031916595995426178,
                "y": 130.05873107910156
              }
            },
            {
              "L": 67.66217041015625,
              "Tr": -5.986210823059082,
              "contactDepth": 0.032486945390701294,
              "lastTireForce": {
                "x": 0.026017714291810989,
                "y": 17.424400329589844
              }
            },
            {
              "L": 67.66217041015625,
              "Tr": -5.986210823059082,
              "contactDepth": 0.032486170530319214,
              "lastTireForce": {
                "x": 0.026016887277364731,
                "y": 17.424400329589844
              }
            }
          ],
          "engine": {
            "L": 131.85926818847656,
            "Treaction": -66.433952331542969,
            "rpmLimiterActive": false,
            "rpmLimiterTime": 0.0,
            "tcsActivationTime": -1.0
          },
          "gearbox": {
            "L": 0.26295879483222961,
            "manualGear": 0,
            "manualRatio": 0.0,
            "engaged": false,
            "lastEngagedTime": 0.0,
            "lastAutoShiftTime": 0.0,
            "vehicleMoving": false,
            "gearMode": 4,
            "automaticGear": 3,
            "automaticRatio": 1.6100000143051147,
            "transition": false,
            "transitionStartedTime": 277.10626220703125,
            "fromGear": 4,
            "toGear": 3,
            "fromRatio": 1.190000057220459,
            "toRatio": 1.6100000143051147,
            "transitionRatio": 1.6100000143051147
          },
          "lastVelocity": {
            "x": -0.0010848406236618757,
            "y": -3.3229589462280273E-06,
            "z": -15.449994087219238
          }
        }
      },
      "velocityType": 2,
      "linkVelocity": 97.367019653320313,
      "constantVelocity": 56.852706909179688,
      "desiredVelocity": 56.852706909179688,
      "currentVelocity": 55.62921142578125,
      "viewCurrentVelocity": 0.0,
      "isCloseLoop": false,
      "isLaneChange": true,
      "isEgo": false,
      "spawnPointUniqueID": 4,
      "destinationUniqueID": 10,
      "startPointLinkInfo": {
        "linkIdx": "LN000006",
        "pointIdx": 81
      },
      "endPointLinkInfo": {
        "linkIdx": "LN000078",
        "pointIdx": 911
      },
      "currentLinkInfo": {
        "linkIdx": "LN000006",
        "pointIdx": 241
      },
      "loopStartLinkInfo": {
        "linkIdx": "",
        "pointIdx": 0
      },
      "v2vUDPSessionInfo": {
        "isInit": false,
        "v2vConfig": {
          "hostIP": "0.0.0.0",
          "Port": 5642,
          "receiveTimeout": 0,
          "BuffSize": 8196,
          "surroundVehiclePubTime": 100
        }
      },
      "latBiasMode": 1,
      "bias": -0.062699273228645325,
      "destinationMode": 1,
      "vehicleModelType": 257
    }
  ],
  "pedestrianList": [],
  "objectList": [],
  "spawnPointList": [
    {
      "DataID": 90100001,
      "UNIQUEID": 2,
      "m_eobstacleObjType": 5,
      "pos": {
        "x": -11.812999725341797,
        "y": 2471.5,
        "z": -0.5,
        "_x": "-11.813",
        "_y": "2,471.500",
        "_z": "-0.500"
      },
      "rot": {
        "roll": "0.000",
        "pitch": "0.000",
        "yaw": "-90.000"
      },
      "scale": {
        "x": 1.0,
        "y": 1.0,
        "z": 1.0,
        "_x": "1.000",
        "_y": "1.000",
        "_z": "1.000"
      },
      "spawnVehicleTypeID": -1,
      "listVehicleLengthType": [
        2
      ],
      "isCloseLoop": false,
      "isLaneChange": true,
      "ParameterType": 1,
      "maximumSpawnVehicle": 10,
      "minSpawnPeriod": 5.0,
      "maxSpawnPeriod": 15.0,
      "SpawnVelocityType": 2,
      "MinSpawnVelocity_Custom": 45.0,
      "MaxSpawnVelocity_Custom": 50.0,
      "MinSpawnVelocity_Link": 0.0,
      "MaxSpawnVelocity_Link": 10.0,
      "DesiredVelocityType": 2,
      "MinDesiredVelocity_Custom": 50.0,
      "MaxDesiredVelocity_Custom": 60.0,
      "MinDesiredVelocity_Link": 85.0,
      "MaxDesiredVelocity_Link": 100.0,
      "spawnedVehiclesCount": 1,
      "isSpawning": false,
      "waitSpawnTime": 5.564176082611084,
      "destinationObjUniqueID": 3,
      "startLinkInfo": {
        "linkIdx": "LN000073",
        "pointIdx": 57
      },
      "endLinkInfo": {
        "linkIdx": "LN000001",
        "pointIdx": 921
      },
      "latBiasMode": 1,
      "MinLatBias": -10.0,
      "MaxLatBias": 10.0,
      "DestinationMode": 1,
      "NPCSpawnType": 1,
      "SafetyDist": 5.0,
      "TTC": 1.0,
      "sPAWNPOINT_SETTING_MODE": 1,
      "rANDOMPOINT_LIFE_MODE": 1
    },
    {
      "DataID": 90100001,
      "UNIQUEID": 8,
      "m_eobstacleObjType": 5,
      "pos": {
        "x": 2.36299991607666,
        "y": -2444.0,
        "z": -0.5,
        "_x": "2.363",
        "_y": "-2,444.000",
        "_z": "-0.500"
      },
      "rot": {
        "roll": "0.000",
        "pitch": "0.000",
        "yaw": "90.000"
      },
      "scale": {
        "x": 1.0,
        "y": 1.0,
        "z": 1.0,
        "_x": "1.000",
        "_y": "1.000",
        "_z": "1.000"
      },
      "spawnVehicleTypeID": -1,
      "listVehicleLengthType": [
        2
      ],
      "isCloseLoop": false,
      "isLaneChange": true,
      "ParameterType": 1,
      "maximumSpawnVehicle": 10,
      "minSpawnPeriod": 5.0,
      "maxSpawnPeriod": 10.0,
      "SpawnVelocityType": 2,
      "MinSpawnVelocity_Custom": 55.0,
      "MaxSpawnVelocity_Custom": 65.0,
      "MinSpawnVelocity_Link": 0.0,
      "MaxSpawnVelocity_Link": 10.0,
      "DesiredVelocityType": 2,
      "MinDesiredVelocity_Custom": 60.0,
      "MaxDesiredVelocity_Custom": 70.0,
      "MinDesiredVelocity_Link": 85.0,
      "MaxDesiredVelocity_Link": 100.0,
      "spawnedVehiclesCount": 1,
      "isSpawning": false,
      "waitSpawnTime": 0.45257645845413208,
      "destinationObjUniqueID": 9,
      "startLinkInfo": {
        "linkIdx": "LN000004",
        "pointIdx": 112
      },
      "endLinkInfo": {
        "linkIdx": "LN000076",
        "pointIdx": 888
      },
      "latBiasMode": 1,
      "MinLatBias": -10.0,
      "MaxLatBias": 10.0,
      "DestinationMode": 1,
      "NPCSpawnType": 1,
      "SafetyDist": 5.0,
      "TTC": 1.0,
      "sPAWNPOINT_SETTING_MODE": 1,
      "rANDOMPOINT_LIFE_MODE": 1
    },
    {
      "DataID": 90100001,
      "UNIQUEID": 6,
      "m_eobstacleObjType": 5,
      "pos": {
        "x": -2.36299991607666,
        "y": 2459.0,
        "z": -0.5,
        "_x": "-2.363",
        "_y": "2,459.000",
        "_z": "-0.500"
      },
      "rot": {
        "roll": "0.000",
        "pitch": "0.000",
        "yaw": "-90.000"
      },
      "scale": {
        "x": 1.0,
        "y": 1.0,
        "z": 1.0,
        "_x": "1.000",
        "_y": "1.000",
        "_z": "1.000"
      },
      "spawnVehicleTypeID": -1,
      "listVehicleLengthType": [
        2
      ],
      "isCloseLoop": false,
      "isLaneChange": true,
      "ParameterType": 1,
      "maximumSpawnVehicle": 10,
      "minSpawnPeriod": 5.0,
      "maxSpawnPeriod": 10.0,
      "SpawnVelocityType": 2,
      "MinSpawnVelocity_Custom": 55.0,
      "MaxSpawnVelocity_Custom": 65.0,
      "MinSpawnVelocity_Link": 0.0,
      "MaxSpawnVelocity_Link": 10.0,
      "DesiredVelocityType": 2,
      "MinDesiredVelocity_Custom": 60.0,
      "MaxDesiredVelocity_Custom": 70.0,
      "MinDesiredVelocity_Link": 85.0,
      "MaxDesiredVelocity_Link": 100.0,
      "spawnedVehiclesCount": 1,
      "isSpawning": false,
      "waitSpawnTime": 4.21336030960083,
      "destinationObjUniqueID": 7,
      "startLinkInfo": {
        "linkIdx": "LN000075",
        "pointIdx": 82
      },
      "endLinkInfo": {
        "linkIdx": "LN000003",
        "pointIdx": 857
      },
      "latBiasMode": 1,
      "MinLatBias": -10.0,
      "MaxLatBias": 10.0,
      "DestinationMode": 1,
      "NPCSpawnType": 1,
      "SafetyDist": 5.0,
      "TTC": 1.0,
      "sPAWNPOINT_SETTING_MODE": 1,
      "rANDOMPOINT_LIFE_MODE": 1
    },
    {
      "DataID": 90100001,
      "UNIQUEID": 4,
      "m_eobstacleObjType": 5,
      "pos": {
        "x": 11.812999725341797,
        "y": -2459.5,
        "z": -0.5,
        "_x": "11.813",
        "_y": "-2,459.500",
        "_z": "-0.500"
      },
      "rot": {
        "roll": "0.000",
        "pitch": "0.000",
        "yaw": "90.000"
      },
      "scale": {
        "x": 1.0,
        "y": 1.0,
        "z": 1.0,
        "_x": "1.000",
        "_y": "1.000",
        "_z": "1.000"
      },
      "spawnVehicleTypeID": -1,
      "listVehicleLengthType": [
        2
      ],
      "isCloseLoop": false,
      "isLaneChange": true,
      "ParameterType": 1,
      "maximumSpawnVehicle": 10,
      "minSpawnPeriod": 5.0,
      "maxSpawnPeriod": 15.0,
      "SpawnVelocityType": 2,
      "MinSpawnVelocity_Custom": 45.0,
      "MaxSpawnVelocity_Custom": 50.0,
      "MinSpawnVelocity_Link": 0.0,
      "MaxSpawnVelocity_Link": 10.0,
      "DesiredVelocityType": 2,
      "MinDesiredVelocity_Custom": 50.0,
      "MaxDesiredVelocity_Custom": 60.0,
      "MinDesiredVelocity_Link": 85.0,
      "MaxDesiredVelocity_Link": 100.0,
      "spawnedVehiclesCount": 1,
      "isSpawning": false,
      "waitSpawnTime": 0.42747491598129272,
      "destinationObjUniqueID": 5,
      "startLinkInfo": {
        "linkIdx": "LN000006",
        "pointIdx": 81
      },
      "endLinkInfo": {
        "linkIdx": "LN000078",
        "pointIdx": 911
      },
      "latBiasMode": 1,
      "MinLatBias": -10.0,
      "MaxLatBias": 10.0,
      "DestinationMode": 1,
      "NPCSpawnType": 1,
      "SafetyDist": 5.0,
      "TTC": 1.0,
      "sPAWNPOINT_SETTING_MODE": 1,
      "rANDOMPOINT_LIFE_MODE": 1
    }
  ],
  "tlList": [],
  "mapInfo": {
    "mapName": "V_RHT_StraightHighway_1",
    "eastOffset": 0.0,
    "northOffset": 0.0,
    "globalCoordinateSystem": "UTM52N",
    "scenarioCoordinateSystem": "ENU"
  },
  "v2IInfo": {
    "isAlive": false,
    "acceptIp": "127.0.0.1",
    "acceptPort": 5000,
    "v2vIP": "127.0.0.1"
  },
  "pedspawnPointList": [],
  "aiPedstrianList": [],
  "shadedAreaList": [],
  "frictionChangeMaterialList": []
}