{
  "version": 1.0,
  "egoVehicle": {
    "DataID": 20200003,
    "UNIQUEID": -1,
    "m_eobstacleObjType": 0,
    "initPosition": {
      "initPositionMode": "Absolute",
      "pos": {
        "x": -821.4849853515625,
        "y": -8.75,
        "z": 6.3400001525878906,
        "_x": "-821.485",
        "_y": "-8.750",
        "_z": "6.340"
      },
      "rot": {
        "roll": "0.000",
        "pitch": "0.349",
        "yaw": "0.000"
      },
      "initLink": "",
      "initLinkRatio": 0,
      "gear": 4,
      "vehicleSaveData": {
        "velocity": 1.8794572353363037,
        "inputData": [
          0,
          0,
          0,
          0,
          0,
          1,
          4,
          0,
          0,
          0
        ],
        "vehicle": {
          "time": 36.700649261474609,
          "lastVelocity": {
            "x": -0.51967823505401611,
            "y": -5.8676523622125387E-06,
            "z": 1.8547432318882784E-06
          },
          "lastImpactTime": 0.0
        },
        "wheels": [
          {
            "L": 1.9721496105194092,
            "Tr": -41.6361198425293,
            "contactDepth": 0.051030188798904419,
            "lastTireForce": {
              "x": 25.092884063720703,
              "y": 126.17005157470703
            }
          },
          {
            "L": 1.9721497297286987,
            "Tr": -41.636093139648438,
            "contactDepth": 0.051030188798904419,
            "lastTireForce": {
              "x": -25.126888275146484,
              "y": 126.16996002197266
            }
          },
          {
            "L": 1.9721615314483643,
            "Tr": 0.45557543635368347,
            "contactDepth": 0.034574568271636963,
            "lastTireForce": {
              "x": -0.012666307389736176,
              "y": -1.3805315494537354
            }
          },
          {
            "L": 1.9721618890762329,
            "Tr": 0.45559832453727722,
            "contactDepth": 0.03457409143447876,
            "lastTireForce": {
              "x": -0.012666735798120499,
              "y": -1.3806009292602539
            }
          }
        ],
        "engine": {
          "L": 39.245391845703125,
          "Treaction": -33.370449066162109,
          "rpmLimiterActive": false,
          "rpmLimiterTime": 0.0,
          "tcsActivationTime": -1.0
        },
        "gearbox": {
          "L": 0.027025613933801651,
          "manualGear": 0,
          "manualRatio": 0.0,
          "engaged": false,
          "lastEngagedTime": 0.0,
          "lastAutoShiftTime": 0.0,
          "vehicleMoving": false,
          "gearMode": 4,
          "automaticGear": 1,
          "automaticRatio": 3.8670001029968262,
          "transition": false,
          "transitionStartedTime": 1.5199991464614868,
          "fromGear": 0,
          "toGear": 1,
          "fromRatio": 0.0,
          "toRatio": 3.8670001029968262,
          "transitionRatio": 0.0
        },
        "lastVelocity": {
          "x": -0.51967823505401611,
          "y": -5.8676523622125387E-06,
          "z": 1.8547432318882784E-06
        }
      }
    },
    "currentVelocity": 1.8794572353363037,
    "v2vUDPSessionInfo": {
      "isInit": false,
      "v2vConfig": {
        "hostIP": "0.0.0.0",
        "Port": 5641,
        "receiveTimeout": 0,
        "BuffSize": 8196,
        "surroundVehiclePubTime": 100
      }
    },
    "beforeControlMode": 0,
    "currentControlMode": 1
  },
  "vehicleList": [
    {
      "DataID": 30200001,
      "UNIQUEID": 35,
      "m_eobstacleObjType": 1,
      "initPosition": {
        "initPositionMode": "Absolute",
        "pos": {
          "x": -776.89398193359375,
          "y": -5.1939997673034668,
          "z": 6.3959999084472656,
          "_x": "-776.894",
          "_y": "-5.194",
          "_z": "6.396"
        },
        "rot": {
          "roll": "-0.001",
          "pitch": "0.382",
          "yaw": "0.001"
        },
        "initLink": "_6_1_L2_",
        "initLinkRatio": 0,
        "gear": 4,
        "vehicleSaveData": {
          "velocity": 35.429019927978516,
          "inputData": [
            5,
            797,
            0,
            0,
            0,
            2,
            4,
            0,
            0,
            0
          ],
          "vehicle": {
            "time": 282.78314208984375,
            "lastVelocity": {
              "x": -9.8440752029418945,
              "y": 1.5794188584550284E-05,
              "z": 0.002240445464849472
            },
            "lastImpactTime": 0.0
          },
          "wheels": [
            {
              "L": 43.308689117431641,
              "Tr": 23.756534576416016,
              "contactDepth": 0.049707710742950439,
              "lastTireForce": {
                "x": 764.22607421875,
                "y": -105.44902801513672
              }
            },
            {
              "L": 43.298118591308594,
              "Tr": 23.798816680908203,
              "contactDepth": 0.049639463424682617,
              "lastTireForce": {
                "x": -817.97186279296875,
                "y": -105.55728912353516
              }
            },
            {
              "L": 43.654075622558594,
              "Tr": -0.6279672384262085,
              "contactDepth": 0.031721621751785278,
              "lastTireForce": {
                "x": -18.907590866088867,
                "y": 1.6995054483413696
              }
            },
            {
              "L": 43.643459320068359,
              "Tr": -0.58123815059661865,
              "contactDepth": 0.031653702259063721,
              "lastTireForce": {
                "x": -19.052679061889648,
                "y": 1.5730398893356323
              }
            }
          ],
          "engine": {
            "L": 112.79214477539063,
            "Treaction": -41.998764038085938,
            "rpmLimiterActive": false,
            "rpmLimiterTime": 0.0,
            "tcsActivationTime": -1.0
          },
          "gearbox": {
            "L": 0.22643202543258667,
            "manualGear": 0,
            "manualRatio": 0.0,
            "engaged": false,
            "lastEngagedTime": 0.0,
            "lastAutoShiftTime": 0.0,
            "vehicleMoving": false,
            "gearMode": 4,
            "automaticGear": 2,
            "automaticRatio": 2.9460000991821289,
            "transition": false,
            "transitionStartedTime": 280.62432861328125,
            "fromGear": 3,
            "toGear": 2,
            "fromRatio": 1.9170000553131104,
            "toRatio": 2.9460000991821289,
            "transitionRatio": 2.9460000991821289
          },
          "lastVelocity": {
            "x": -9.8440752029418945,
            "y": 1.5794188584550284E-05,
            "z": 0.002240445464849472
          }
        }
      },
      "velocityType": 2,
      "linkVelocity": 91.26654052734375,
      "constantVelocity": 36.635570526123047,
      "desiredVelocity": 36.635570526123047,
      "currentVelocity": 35.429019927978516,
      "isCloseLoop": false,
      "isLaneChange": true,
      "isEgo": false,
      "spawnPointUniqueID": 4,
      "destinationUniqueID": 36,
      "startPointLinkInfo": {
        "linkIdx": "_6_2_L2_",
        "pointIdx": 393
      },
      "endPointLinkInfo": {
        "linkIdx": "_0_2_R2_",
        "pointIdx": 172
      },
      "currentLinkInfo": {
        "linkIdx": "_6_1_L2_",
        "pointIdx": 1
      },
      "loopStartLinkInfo": {
        "linkIdx": "",
        "pointIdx": 0
      },
      "v2vUDPSessionInfo": {
        "isInit": false,
        "v2vConfig": {
          "hostIP": "0.0.0.0",
          "Port": 5676,
          "receiveTimeout": 0,
          "BuffSize": 8196,
          "surroundVehiclePubTime": 100
        }
      },
      "latBiasMode": 1,
      "bias": -0.06514739990234375,
      "destinationMode": 1,
      "vehicleModelType": 257
    },
    {
      "DataID": 30200005,
      "UNIQUEID": 33,
      "m_eobstacleObjType": 1,
      "initPosition": {
        "initPositionMode": "Absolute",
        "pos": {
          "x": -762.85699462890625,
          "y": -1.7960000038146973,
          "z": 6.3530001640319824,
          "_x": "-762.857",
          "_y": "-1.796",
          "_z": "6.353"
        },
        "rot": {
          "roll": "0.000",
          "pitch": "0.126",
          "yaw": "0.015"
        },
        "initLink": "_6_1_L1_",
        "initLinkRatio": 0,
        "gear": 4,
        "vehicleSaveData": {
          "velocity": 48.200443267822266,
          "inputData": [
            1,
            1861,
            0,
            0,
            0,
            0,
            4,
            0,
            0,
            0
          ],
          "vehicle": {
            "time": 2.6799981594085693,
            "lastVelocity": {
              "x": -13.390592575073242,
              "y": -5.0634560011530994E-07,
              "z": -0.0031825134065002203
            },
            "lastImpactTime": 0.0
          },
          "wheels": [
            {
              "L": 46.868015289306641,
              "Tr": -249.86430358886719,
              "contactDepth": 0.048079162836074829,
              "lastTireForce": {
                "x": 254.11322021484375,
                "y": 361.72149658203125
              }
            },
            {
              "L": 46.866096496582031,
              "Tr": -249.86911010742188,
              "contactDepth": 0.048068076372146606,
              "lastTireForce": {
                "x": -248.05665588378906,
                "y": 361.80020141601563
              }
            },
            {
              "L": 46.868099212646484,
              "Tr": -0.2734113335609436,
              "contactDepth": 0.041959315538406372,
              "lastTireForce": {
                "x": 2.1019840240478516,
                "y": 0.78117519617080688
              }
            },
            {
              "L": 46.866157531738281,
              "Tr": -0.27831798791885376,
              "contactDepth": 0.041948229074478149,
              "lastTireForce": {
                "x": 2.1014833450317383,
                "y": 0.79519432783126831
              }
            }
          ],
          "engine": {
            "L": 0.0,
            "Treaction": 0.0,
            "rpmLimiterActive": false,
            "rpmLimiterTime": 0.0,
            "tcsActivationTime": 0.0
          },
          "gearbox": {
            "L": 0.0,
            "manualGear": 0,
            "manualRatio": 0.0,
            "engaged": false,
            "lastEngagedTime": 0.0,
            "lastAutoShiftTime": 0.0,
            "vehicleMoving": false,
            "gearMode": 0,
            "automaticGear": 0,
            "automaticRatio": 0.0,
            "transition": false,
            "transitionStartedTime": 0.0,
            "fromGear": 0,
            "toGear": 0,
            "fromRatio": 0.0,
            "toRatio": 0.0,
            "transitionRatio": 0.0
          },
          "lastVelocity": {
            "x": -13.390592575073242,
            "y": -5.0634560011530994E-07,
            "z": -0.0031825134065002203
          }
        }
      },
      "velocityType": 2,
      "linkVelocity": 93.678207397460938,
      "constantVelocity": 49.745803833007813,
      "desiredVelocity": 49.745803833007813,
      "currentVelocity": 48.200443267822266,
      "isCloseLoop": false,
      "isLaneChange": true,
      "isEgo": false,
      "spawnPointUniqueID": 2,
      "destinationUniqueID": 34,
      "startPointLinkInfo": {
        "linkIdx": "_6_2_L1_",
        "pointIdx": 393
      },
      "endPointLinkInfo": {
        "linkIdx": "_0_2_R1_",
        "pointIdx": 165
      },
      "currentLinkInfo": {
        "linkIdx": "_6_1_L1_",
        "pointIdx": 29
      },
      "loopStartLinkInfo": {
        "linkIdx": "",
        "pointIdx": 0
      },
      "v2vUDPSessionInfo": {
        "isInit": false,
        "v2vConfig": {
          "hostIP": "0.0.0.0",
          "Port": 5674,
          "receiveTimeout": 0,
          "BuffSize": 8196,
          "surroundVehiclePubTime": 100
        }
      },
      "latBiasMode": 1,
      "bias": 0.055499095469713211,
      "destinationMode": 1,
      "vehicleModelType": 257
    },
    {
      "DataID": 30100011,
      "UNIQUEID": 31,
      "m_eobstacleObjType": 1,
      "initPosition": {
        "initPositionMode": "Absolute",
        "pos": {
          "x": -745.2039794921875,
          "y": -18.541000366210938,
          "z": 6.3429999351501465,
          "_x": "-745.204",
          "_y": "-18.541",
          "_z": "6.343"
        },
        "rot": {
          "roll": "-0.016",
          "pitch": "0.402",
          "yaw": "14.755"
        },
        "initLink": "_17_1_L3_",
        "initLinkRatio": 0,
        "gear": 4,
        "vehicleSaveData": {
          "velocity": 35.135986328125,
          "inputData": [
            61,
            1417,
            0,
            0,
            0,
            0,
            4,
            0,
            0,
            0
          ],
          "vehicle": {
            "time": 5.5399956703186035,
            "lastVelocity": {
              "x": -9.44046688079834,
              "y": 1.6906053133425303E-05,
              "z": -2.4744994640350342
            },
            "lastImpactTime": 0.0
          },
          "wheels": [
            {
              "L": 36.455997467041016,
              "Tr": -101.25445556640625,
              "contactDepth": 0.054714441299438477,
              "lastTireForce": {
                "x": 219.739990234375,
                "y": 158.75650024414063
              }
            },
            {
              "L": 36.388584136962891,
              "Tr": -101.66748046875,
              "contactDepth": 0.054237455129623413,
              "lastTireForce": {
                "x": -50.13165283203125,
                "y": 158.99906921386719
              }
            },
            {
              "L": 35.948482513427734,
              "Tr": 0.31927445530891418,
              "contactDepth": 0.035791873931884766,
              "lastTireForce": {
                "x": 30.460165023803711,
                "y": -0.99773257970809937
              }
            },
            {
              "L": 35.880542755126953,
              "Tr": -0.094652824103832245,
              "contactDepth": 0.035312443971633911,
              "lastTireForce": {
                "x": 29.805231094360352,
                "y": 0.29579007625579834
              }
            }
          ],
          "engine": {
            "L": 0.0,
            "Treaction": 0.0,
            "rpmLimiterActive": false,
            "rpmLimiterTime": 0.0,
            "tcsActivationTime": 0.0
          },
          "gearbox": {
            "L": 0.0,
            "manualGear": 0,
            "manualRatio": 0.0,
            "engaged": false,
            "lastEngagedTime": 0.0,
            "lastAutoShiftTime": 0.0,
            "vehicleMoving": false,
            "gearMode": 0,
            "automaticGear": 0,
            "automaticRatio": 0.0,
            "transition": false,
            "transitionStartedTime": 0.0,
            "fromGear": 0,
            "toGear": 0,
            "fromRatio": 0.0,
            "toRatio": 0.0,
            "transitionRatio": 0.0
          },
          "lastVelocity": {
            "x": -9.44046688079834,
            "y": 1.6906053133425303E-05,
            "z": -2.4744994640350342
          }
        }
      },
      "velocityType": 2,
      "linkVelocity": 91.677436828613281,
      "constantVelocity": 37.078029632568359,
      "desiredVelocity": 37.078029632568359,
      "currentVelocity": 35.135986328125,
      "isCloseLoop": false,
      "isLaneChange": true,
      "isEgo": false,
      "spawnPointUniqueID": 6,
      "destinationUniqueID": 32,
      "startPointLinkInfo": {
        "linkIdx": "_17_3_L4_",
        "pointIdx": 431
      },
      "endPointLinkInfo": {
        "linkIdx": "_0_2_R3_",
        "pointIdx": 172
      },
      "currentLinkInfo": {
        "linkIdx": "_17_1_L3_",
        "pointIdx": 16
      },
      "loopStartLinkInfo": {
        "linkIdx": "",
        "pointIdx": 0
      },
      "v2vUDPSessionInfo": {
        "isInit": false,
        "v2vConfig": {
          "hostIP": "0.0.0.0",
          "Port": 5672,
          "receiveTimeout": 0,
          "BuffSize": 8196,
          "surroundVehiclePubTime": 100
        }
      },
      "latBiasMode": 1,
      "bias": -0.0029821014031767845,
      "destinationMode": 1,
      "vehicleModelType": 257
    },
    {
      "DataID": 30200007,
      "UNIQUEID": 29,
      "m_eobstacleObjType": 1,
      "initPosition": {
        "initPositionMode": "Absolute",
        "pos": {
          "x": -734.197021484375,
          "y": -5.2639999389648438,
          "z": 6.4260001182556152,
          "_x": "-734.197",
          "_y": "-5.264",
          "_z": "6.426"
        },
        "rot": {
          "roll": "0.000",
          "pitch": "0.434",
          "yaw": "0.000"
        },
        "initLink": "_6_0_L2_",
        "initLinkRatio": 0,
        "gear": 4,
        "vehicleSaveData": {
          "velocity": 36.235286712646484,
          "inputData": [
            -3,
            622,
            0,
            0,
            0,
            2,
            4,
            0,
            0,
            0
          ],
          "vehicle": {
            "time": 286.96084594726563,
            "lastVelocity": {
              "x": -10.066264152526855,
              "y": 1.7896294593811035E-05,
              "z": 5.5169748520711437E-06
            },
            "lastImpactTime": 0.0
          },
          "wheels": [
            {
              "L": 57.226055145263672,
              "Tr": 12.059813499450684,
              "contactDepth": 0.039658576250076294,
              "lastTireForce": {
                "x": 0.053236369043588638,
                "y": -46.541343688964844
              }
            },
            {
              "L": 57.226055145263672,
              "Tr": 12.059813499450684,
              "contactDepth": 0.0396590530872345,
              "lastTireForce": {
                "x": 0.053238410502672195,
                "y": -46.541343688964844
              }
            },
            {
              "L": 57.351955413818359,
              "Tr": 2.1628413200378418,
              "contactDepth": 0.017362326383590698,
              "lastTireForce": {
                "x": 0.024765064939856529,
                "y": -6.1888408660888672
              }
            },
            {
              "L": 57.351955413818359,
              "Tr": 2.1628410816192627,
              "contactDepth": 0.017362326383590698,
              "lastTireForce": {
                "x": 0.024761095643043518,
                "y": -6.1888408660888672
              }
            }
          ],
          "engine": {
            "L": 117.26661682128906,
            "Treaction": -45.714931488037109,
            "rpmLimiterActive": false,
            "rpmLimiterTime": 0.0,
            "tcsActivationTime": -1.0
          },
          "gearbox": {
            "L": 0.23484119772911072,
            "manualGear": 0,
            "manualRatio": 0.0,
            "engaged": false,
            "lastEngagedTime": 0.0,
            "lastAutoShiftTime": 0.0,
            "vehicleMoving": false,
            "gearMode": 4,
            "automaticGear": 2,
            "automaticRatio": 2.3959999084472656,
            "transition": false,
            "transitionStartedTime": 280.62432861328125,
            "fromGear": 3,
            "toGear": 2,
            "fromRatio": 1.6100000143051147,
            "toRatio": 2.3959999084472656,
            "transitionRatio": 2.3959999084472656
          },
          "lastVelocity": {
            "x": -10.066264152526855,
            "y": 1.7896294593811035E-05,
            "z": 5.5169748520711437E-06
          }
        }
      },
      "velocityType": 2,
      "linkVelocity": 86.740081787109375,
      "constantVelocity": 37.255767822265625,
      "desiredVelocity": 37.255767822265625,
      "currentVelocity": 36.235286712646484,
      "isCloseLoop": false,
      "isLaneChange": true,
      "isEgo": false,
      "spawnPointUniqueID": 4,
      "destinationUniqueID": 30,
      "startPointLinkInfo": {
        "linkIdx": "_6_2_L2_",
        "pointIdx": 393
      },
      "endPointLinkInfo": {
        "linkIdx": "_0_2_R2_",
        "pointIdx": 172
      },
      "currentLinkInfo": {
        "linkIdx": "_6_0_L2_",
        "pointIdx": 46
      },
      "loopStartLinkInfo": {
        "linkIdx": "",
        "pointIdx": 0
      },
      "v2vUDPSessionInfo": {
        "isInit": false,
        "v2vConfig": {
          "hostIP": "0.0.0.0",
          "Port": 5670,
          "receiveTimeout": 0,
          "BuffSize": 8196,
          "surroundVehiclePubTime": 100
        }
      },
      "latBiasMode": 1,
      "bias": 0.015852537006139755,
      "destinationMode": 1,
      "vehicleModelType": 257
    },
    {
      "DataID": 30200010,
      "UNIQUEID": 27,
      "m_eobstacleObjType": 1,
      "initPosition": {
        "initPositionMode": "Absolute",
        "pos": {
          "x": -701.3759765625,
          "y": -5.2610001564025879,
          "z": 6.3210000991821289,
          "_x": "-701.376",
          "_y": "-5.261",
          "_z": "6.321"
        },
        "rot": {
          "roll": "0.000",
          "pitch": "359.906",
          "yaw": "0.000"
        },
        "initLink": "_52_0_L2_",
        "initLinkRatio": 0,
        "gear": 4,
        "vehicleSaveData": {
          "velocity": 32.501655578613281,
          "inputData": [
            0,
            1457,
            0,
            0,
            0,
            2,
            4,
            0,
            0,
            0
          ],
          "vehicle": {
            "time": 291.538330078125,
            "lastVelocity": {
              "x": -9.0264968872070313,
              "y": -2.2338777228014806E-07,
              "z": 3.7480677406165341E-07
            },
            "lastImpactTime": 0.0
          },
          "wheels": [
            {
              "L": 34.455329895019531,
              "Tr": -59.549369812011719,
              "contactDepth": 0.043222218751907349,
              "lastTireForce": {
                "x": 245.11344909667969,
                "y": 324.75320434570313
              }
            },
            {
              "L": 34.455329895019531,
              "Tr": -59.549369812011719,
              "contactDepth": 0.043222695589065552,
              "lastTireForce": {
                "x": -245.09852600097656,
                "y": 324.75320434570313
              }
            },
            {
              "L": 33.578548431396484,
              "Tr": 0.32503890991210938,
              "contactDepth": 0.047520875930786133,
              "lastTireForce": {
                "x": 0.016481664031744003,
                "y": -1.0485128164291382
              }
            },
            {
              "L": 33.578548431396484,
              "Tr": 0.32503890991210938,
              "contactDepth": 0.047520875930786133,
              "lastTireForce": {
                "x": 0.016481125727295876,
                "y": -1.0485128164291382
              }
            }
          ],
          "engine": {
            "L": 145.05952453613281,
            "Treaction": -69.596527099609375,
            "rpmLimiterActive": false,
            "rpmLimiterTime": 0.0,
            "tcsActivationTime": -1.0
          },
          "gearbox": {
            "L": 0.28648883104324341,
            "manualGear": 0,
            "manualRatio": 0.0,
            "engaged": false,
            "lastEngagedTime": 0.0,
            "lastAutoShiftTime": 0.0,
            "vehicleMoving": false,
            "gearMode": 4,
            "automaticGear": 2,
            "automaticRatio": 2.2170000076293945,
            "transition": false,
            "transitionStartedTime": 286.08132934570313,
            "fromGear": 3,
            "toGear": 2,
            "fromRatio": 1.3710000514984131,
            "toRatio": 2.2170000076293945,
            "transitionRatio": 2.2170000076293945
          },
          "lastVelocity": {
            "x": -9.0264968872070313,
            "y": -2.2338777228014806E-07,
            "z": 3.7480677406165341E-07
          }
        }
      },
      "velocityType": 2,
      "linkVelocity": 98.32171630859375,
      "constantVelocity": 33.419792175292969,
      "desiredVelocity": 33.419792175292969,
      "currentVelocity": 32.501655578613281,
      "isCloseLoop": false,
      "isLaneChange": true,
      "isEgo": false,
      "spawnPointUniqueID": 4,
      "destinationUniqueID": 28,
      "startPointLinkInfo": {
        "linkIdx": "_6_2_L2_",
        "pointIdx": 393
      },
      "endPointLinkInfo": {
        "linkIdx": "_0_2_R2_",
        "pointIdx": 172
      },
      "currentLinkInfo": {
        "linkIdx": "_52_0_L2_",
        "pointIdx": 60
      },
      "loopStartLinkInfo": {
        "linkIdx": "",
        "pointIdx": 0
      },
      "v2vUDPSessionInfo": {
        "isInit": false,
        "v2vConfig": {
          "hostIP": "0.0.0.0",
          "Port": 5668,
          "receiveTimeout": 0,
          "BuffSize": 8196,
          "surroundVehiclePubTime": 100
        }
      },
      "latBiasMode": 1,
      "bias": 0.013864717446267605,
      "destinationMode": 1,
      "vehicleModelType": 257
    },
    {
      "DataID": 30100012,
      "UNIQUEID": 25,
      "m_eobstacleObjType": 1,
      "initPosition": {
        "initPositionMode": "Absolute",
        "pos": {
          "x": -685.96099853515625,
          "y": -11.963000297546387,
          "z": 6.3850002288818359,
          "_x": "-685.961",
          "_y": "-11.963",
          "_z": "6.385"
        },
        "rot": {
          "roll": "-359.797",
          "pitch": "0.190",
          "yaw": "8.754"
        },
        "initLink": "_0_1_R4_",
        "initLinkRatio": 0,
        "gear": 4,
        "vehicleSaveData": {
          "velocity": 34.9776725769043,
          "inputData": [
            -1472,
            584,
            0,
            0,
            0,
            2,
            4,
            0,
            0,
            0
          ],
          "vehicle": {
            "time": 292.5777587890625,
            "lastVelocity": {
              "x": -9.53144359588623,
              "y": -0.00034241378307342529,
              "z": -1.8842848539352417
            },
            "lastImpactTime": 0.0
          },
          "wheels": [
            {
              "L": 41.454395294189453,
              "Tr": -20.23992919921875,
              "contactDepth": 0.039446473121643066,
              "lastTireForce": {
                "x": -434.6669921875,
                "y": 35.283588409423828
              }
            },
            {
              "L": 43.528865814208984,
              "Tr": 30.007261276245117,
              "contactDepth": 0.046213090419769287,
              "lastTireForce": {
                "x": -998.4990234375,
                "y": -53.680599212646484
              }
            },
            {
              "L": 41.194023132324219,
              "Tr": -30.348245620727539,
              "contactDepth": 0.028817117214202881,
              "lastTireForce": {
                "x": -1067.0155029296875,
                "y": 46.385837554931641
              }
            },
            {
              "L": 43.518398284912109,
              "Tr": 20.651037216186523,
              "contactDepth": 0.035785645246505737,
              "lastTireForce": {
                "x": -936.44805908203125,
                "y": -38.031940460205078
              }
            }
          ],
          "engine": {
            "L": 123.24271392822266,
            "Treaction": -48.910087585449219,
            "rpmLimiterActive": false,
            "rpmLimiterTime": 0.0,
            "tcsActivationTime": -1.0
          },
          "gearbox": {
            "L": 0.24683761596679688,
            "manualGear": 0,
            "manualRatio": 0.0,
            "engaged": false,
            "lastEngagedTime": 0.0,
            "lastAutoShiftTime": 0.0,
            "vehicleMoving": false,
            "gearMode": 4,
            "automaticGear": 2,
            "automaticRatio": 2.3959999084472656,
            "transition": false,
            "transitionStartedTime": 280.62432861328125,
            "fromGear": 3,
            "toGear": 2,
            "fromRatio": 1.6100000143051147,
            "toRatio": 2.3959999084472656,
            "transitionRatio": 2.3959999084472656
          },
          "lastVelocity": {
            "x": -9.53144359588623,
            "y": -0.00034241378307342529,
            "z": -1.8842848539352417
          }
        }
      },
      "velocityType": 2,
      "linkVelocity": 88.6112060546875,
      "constantVelocity": 35.285541534423828,
      "desiredVelocity": 35.285541534423828,
      "currentVelocity": 34.9776725769043,
      "isCloseLoop": false,
      "isLaneChange": true,
      "isEgo": false,
      "spawnPointUniqueID": 6,
      "destinationUniqueID": 26,
      "startPointLinkInfo": {
        "linkIdx": "_17_3_L4_",
        "pointIdx": 431
      },
      "endPointLinkInfo": {
        "linkIdx": "_0_2_R3_",
        "pointIdx": 172
      },
      "currentLinkInfo": {
        "linkIdx": "_0_1_R4_",
        "pointIdx": 11
      },
      "loopStartLinkInfo": {
        "linkIdx": "",
        "pointIdx": 0
      },
      "v2vUDPSessionInfo": {
        "isInit": false,
        "v2vConfig": {
          "hostIP": "0.0.0.0",
          "Port": 5666,
          "receiveTimeout": 0,
          "BuffSize": 8196,
          "surroundVehiclePubTime": 100
        }
      },
      "latBiasMode": 1,
      "bias": -0.093619629740715027,
      "destinationMode": 1,
      "vehicleModelType": 257
    },
    {
      "DataID": 30200001,
      "UNIQUEID": 23,
      "m_eobstacleObjType": 1,
      "initPosition": {
        "initPositionMode": "Absolute",
        "pos": {
          "x": -650.2440185546875,
          "y": -1.6740000247955322,
          "z": 6.3959999084472656,
          "_x": "-650.244",
          "_y": "-1.674",
          "_z": "6.396"
        },
        "rot": {
          "roll": "-0.018",
          "pitch": "0.370",
          "yaw": "0.000"
        },
        "initLink": "_0_1_R1_",
        "initLinkRatio": 0,
        "gear": 4,
        "vehicleSaveData": {
          "velocity": 44.288131713867188,
          "inputData": [
            0,
            1498,
            0,
            0,
            0,
            2,
            4,
            0,
            0,
            0
          ],
          "vehicle": {
            "time": 289.97918701171875,
            "lastVelocity": {
              "x": -12.300746917724609,
              "y": -7.2265861490450334E-06,
              "z": 0.014553563669323921
            },
            "lastImpactTime": 0.0
          },
          "wheels": [
            {
              "L": 54.9510383605957,
              "Tr": -28.643156051635742,
              "contactDepth": 0.04999244213104248,
              "lastTireForce": {
                "x": 93.612579345703125,
                "y": 126.688720703125
              }
            },
            {
              "L": 54.956161499023438,
              "Tr": -28.130636215209961,
              "contactDepth": 0.048818022012710571,
              "lastTireForce": {
                "x": -1910.9468994140625,
                "y": 125.30326843261719
              }
            },
            {
              "L": 54.5383186340332,
              "Tr": 0.017222516238689423,
              "contactDepth": 0.0325486958026886,
              "lastTireForce": {
                "x": -547.45269775390625,
                "y": -0.046610325574874878
              }
            },
            {
              "L": 54.544651031494141,
              "Tr": 0.65162283182144165,
              "contactDepth": 0.031366318464279175,
              "lastTireForce": {
                "x": -683.775390625,
                "y": -1.7635262012481689
              }
            }
          ],
          "engine": {
            "L": 141.97489929199219,
            "Treaction": -63.215667724609375,
            "rpmLimiterActive": false,
            "rpmLimiterTime": 0.0,
            "tcsActivationTime": -1.0
          },
          "gearbox": {
            "L": 0.28293895721435547,
            "manualGear": 0,
            "manualRatio": 0.0,
            "engaged": false,
            "lastEngagedTime": 0.0,
            "lastAutoShiftTime": 0.0,
            "vehicleMoving": false,
            "gearMode": 4,
            "automaticGear": 2,
            "automaticRatio": 2.9460000991821289,
            "transition": false,
            "transitionStartedTime": 278.62542724609375,
            "fromGear": 3,
            "toGear": 2,
            "fromRatio": 1.9170000553131104,
            "toRatio": 2.9460000991821289,
            "transitionRatio": 2.9460000991821289
          },
          "lastVelocity": {
            "x": -12.300746917724609,
            "y": -7.2265861490450334E-06,
            "z": 0.014553563669323921
          }
        }
      },
      "velocityType": 2,
      "linkVelocity": 95.787857055664063,
      "constantVelocity": 45.204849243164063,
      "desiredVelocity": 45.204849243164063,
      "currentVelocity": 44.288131713867188,
      "isCloseLoop": false,
      "isLaneChange": true,
      "isEgo": false,
      "spawnPointUniqueID": 2,
      "destinationUniqueID": 24,
      "startPointLinkInfo": {
        "linkIdx": "_6_2_L1_",
        "pointIdx": 393
      },
      "endPointLinkInfo": {
        "linkIdx": "_0_2_R1_",
        "pointIdx": 165
      },
      "currentLinkInfo": {
        "linkIdx": "_0_1_R1_",
        "pointIdx": 82
      },
      "loopStartLinkInfo": {
        "linkIdx": "",
        "pointIdx": 0
      },
      "v2vUDPSessionInfo": {
        "isInit": false,
        "v2vConfig": {
          "hostIP": "0.0.0.0",
          "Port": 5664,
          "receiveTimeout": 0,
          "BuffSize": 8196,
          "surroundVehiclePubTime": 100
        }
      },
      "latBiasMode": 1,
      "bias": -0.093590527772903442,
      "destinationMode": 1,
      "vehicleModelType": 257
    },
    {
      "DataID": 30200003,
      "UNIQUEID": 21,
      "m_eobstacleObjType": 1,
      "initPosition": {
        "initPositionMode": "Absolute",
        "pos": {
          "x": -655.99200439453125,
          "y": -5.304999828338623,
          "z": 6.3400001525878906,
          "_x": "-655.992",
          "_y": "-5.305",
          "_z": "6.340"
        },
        "rot": {
          "roll": "0.000",
          "pitch": "0.340",
          "yaw": "0.000"
        },
        "initLink": "_0_1_R2_",
        "initLinkRatio": 0,
        "gear": 4,
        "vehicleSaveData": {
          "velocity": 32.102348327636719,
          "inputData": [
            0,
            1827,
            0,
            0,
            0,
            2,
            4,
            0,
            0,
            0
          ],
          "vehicle": {
            "time": 297.09527587890625,
            "lastVelocity": {
              "x": -8.9157733917236328,
              "y": -6.1208252191136125E-06,
              "z": 1.5206989701255225E-05
            },
            "lastImpactTime": 0.0
          },
          "wheels": [
            {
              "L": 34.735504150390625,
              "Tr": -61.258430480957031,
              "contactDepth": 0.050814926624298096,
              "lastTireForce": {
                "x": 356.30499267578125,
                "y": 312.98825073242188
              }
            },
            {
              "L": 34.735492706298828,
              "Tr": -61.257377624511719,
              "contactDepth": 0.050813972949981689,
              "lastTireForce": {
                "x": -356.55020141601563,
                "y": 312.98507690429688
              }
            },
            {
              "L": 33.835350036621094,
              "Tr": 0.29350829124450684,
              "contactDepth": 0.034790843725204468,
              "lastTireForce": {
                "x": -0.058956179767847061,
                "y": -0.8894190788269043
              }
            },
            {
              "L": 33.835342407226563,
              "Tr": 0.29420319199562073,
              "contactDepth": 0.034791320562362671,
              "lastTireForce": {
                "x": -0.058966666460037231,
                "y": -0.89152485132217407
              }
            }
          ],
          "engine": {
            "L": 134.62336730957031,
            "Treaction": -66.690765380859375,
            "rpmLimiterActive": false,
            "rpmLimiterTime": 0.0,
            "tcsActivationTime": -1.0
          },
          "gearbox": {
            "L": 0.26582461595535278,
            "manualGear": 0,
            "manualRatio": 0.0,
            "engaged": false,
            "lastEngagedTime": 0.0,
            "lastAutoShiftTime": 0.0,
            "vehicleMoving": false,
            "gearMode": 4,
            "automaticGear": 2,
            "automaticRatio": 2.2170000076293945,
            "transition": false,
            "transitionStartedTime": 282.76315307617188,
            "fromGear": 3,
            "toGear": 2,
            "fromRatio": 1.3710000514984131,
            "toRatio": 2.2170000076293945,
            "transitionRatio": 2.2170000076293945
          },
          "lastVelocity": {
            "x": -8.9157733917236328,
            "y": -6.1208252191136125E-06,
            "z": 1.5206989701255225E-05
          }
        }
      },
      "velocityType": 2,
      "linkVelocity": 98.209434509277344,
      "constantVelocity": 33.726837158203125,
      "desiredVelocity": 33.726837158203125,
      "currentVelocity": 32.102348327636719,
      "isCloseLoop": false,
      "isLaneChange": true,
      "isEgo": false,
      "spawnPointUniqueID": 4,
      "destinationUniqueID": 22,
      "startPointLinkInfo": {
        "linkIdx": "_6_2_L2_",
        "pointIdx": 393
      },
      "endPointLinkInfo": {
        "linkIdx": "_0_2_R2_",
        "pointIdx": 172
      },
      "currentLinkInfo": {
        "linkIdx": "_0_1_R2_",
        "pointIdx": 70
      },
      "loopStartLinkInfo": {
        "linkIdx": "",
        "pointIdx": 0
      },
      "v2vUDPSessionInfo": {
        "isInit": false,
        "v2vConfig": {
          "hostIP": "0.0.0.0",
          "Port": 5662,
          "receiveTimeout": 0,
          "BuffSize": 8196,
          "surroundVehiclePubTime": 100
        }
      },
      "latBiasMode": 1,
      "bias": 0.0648074820637703,
      "destinationMode": 1,
      "vehicleModelType": 257
    },
    {
      "DataID": 30100007,
      "UNIQUEID": 37,
      "m_eobstacleObjType": 1,
      "initPosition": {
        "initPositionMode": "Absolute",
        "pos": {
          "x": -784.760986328125,
          "y": -29.038999557495117,
          "z": 5.9889998435974121,
          "_x": "-784.761",
          "_y": "-29.039",
          "_z": "5.989"
        },
        "rot": {
          "roll": "-359.994",
          "pitch": "359.063",
          "yaw": "14.724"
        },
        "initLink": "_17_3_L4_",
        "initLinkRatio": 0,
        "gear": 4,
        "vehicleSaveData": {
          "velocity": 33.82470703125,
          "inputData": [
            -14,
            0,
            0,
            0,
            0,
            3,
            4,
            0,
            0,
            0
          ],
          "vehicle": {
            "time": 282.00357055664063,
            "lastVelocity": {
              "x": -9.1211986541748047,
              "y": 0.22868488729000092,
              "z": -2.4007430076599121
            },
            "lastImpactTime": 0.0
          },
          "wheels": [
            {
              "L": 32.276321411132813,
              "Tr": 295.16888427734375,
              "contactDepth": 0.053052067756652832,
              "lastTireForce": {
                "x": 442.25723266601563,
                "y": -1378.427490234375
              }
            },
            {
              "L": 32.296146392822266,
              "Tr": 295.14578247070313,
              "contactDepth": 0.053169965744018555,
              "lastTireForce": {
                "x": -468.62075805664063,
                "y": -1378.3629150390625
              }
            },
            {
              "L": 36.880645751953125,
              "Tr": -6.6778364181518555,
              "contactDepth": 0.032057285308837891,
              "lastTireForce": {
                "x": -11.243549346923828,
                "y": 19.640693664550781
              }
            },
            {
              "L": 36.900520324707031,
              "Tr": -6.7009181976318359,
              "contactDepth": 0.032175600528717041,
              "lastTireForce": {
                "x": -11.289790153503418,
                "y": 19.708583831787109
              }
            }
          ],
          "engine": {
            "L": 105.78453826904297,
            "Treaction": 35.7510986328125,
            "rpmLimiterActive": false,
            "rpmLimiterTime": 0.0,
            "tcsActivationTime": -1.0
          },
          "gearbox": {
            "L": 0.22517296671867371,
            "manualGear": 0,
            "manualRatio": 0.0,
            "engaged": false,
            "lastEngagedTime": 0.0,
            "lastAutoShiftTime": 0.0,
            "vehicleMoving": false,
            "gearMode": 4,
            "automaticGear": 3,
            "automaticRatio": 1.6100000143051147,
            "transition": true,
            "transitionStartedTime": 281.66375732421875,
            "fromGear": 3,
            "toGear": 2,
            "fromRatio": 1.3710000514984131,
            "toRatio": 2.2170000076293945,
            "transitionRatio": 1.9375473260879517
          },
          "lastVelocity": {
            "x": -9.1211986541748047,
            "y": 0.22868488729000092,
            "z": -2.4007430076599121
          }
        }
      },
      "velocityType": 2,
      "linkVelocity": 95.634780883789063,
      "constantVelocity": 32.33026123046875,
      "desiredVelocity": 32.33026123046875,
      "currentVelocity": 33.82470703125,
      "isCloseLoop": false,
      "isLaneChange": true,
      "isEgo": false,
      "spawnPointUniqueID": 6,
      "destinationUniqueID": 38,
      "startPointLinkInfo": {
        "linkIdx": "_17_3_L4_",
        "pointIdx": 431
      },
      "endPointLinkInfo": {
        "linkIdx": "_0_2_R3_",
        "pointIdx": 172
      },
      "currentLinkInfo": {
        "linkIdx": "_17_3_L4_",
        "pointIdx": 460
      },
      "loopStartLinkInfo": {
        "linkIdx": "",
        "pointIdx": 0
      },
      "v2vUDPSessionInfo": {
        "isInit": false,
        "v2vConfig": {
          "hostIP": "0.0.0.0",
          "Port": 5678,
          "receiveTimeout": 0,
          "BuffSize": 8196,
          "surroundVehiclePubTime": 100
        }
      },
      "latBiasMode": 1,
      "bias": 0.040082026273012161,
      "destinationMode": 1,
      "vehicleModelType": 257
    },
    {
      "DataID": 30200002,
      "UNIQUEID": 19,
      "m_eobstacleObjType": 1,
      "initPosition": {
        "initPositionMode": "Absolute",
        "pos": {
          "x": -649.8289794921875,
          "y": -8.758000373840332,
          "z": 6.320000171661377,
          "_x": "-649.829",
          "_y": "-8.758",
          "_z": "6.320"
        },
        "rot": {
          "roll": "0.000",
          "pitch": "0.000",
          "yaw": "0.106"
        },
        "initLink": "_0_1_R3_",
        "initLinkRatio": 0,
        "gear": 4,
        "vehicleSaveData": {
          "velocity": 27.203657150268555,
          "inputData": [
            -19,
            2127,
            0,
            0,
            0,
            1,
            4,
            0,
            0,
            0
          ],
          "vehicle": {
            "time": 298.53448486328125,
            "lastVelocity": {
              "x": -7.5577712059021,
              "y": -8.3900988101959229E-05,
              "z": -0.018193537369370461
            },
            "lastImpactTime": 0.0
          },
          "wheels": [
            {
              "L": 27.787885665893555,
              "Tr": 10.587597846984863,
              "contactDepth": 0.099998213350772858,
              "lastTireForce": {
                "x": 2.3581373691558838,
                "y": -50.3238525390625
              }
            },
            {
              "L": 27.820568084716797,
              "Tr": 11.267165184020996,
              "contactDepth": 0.099998213350772858,
              "lastTireForce": {
                "x": 2.2574634552001953,
                "y": -51.067325592041016
              }
            },
            {
              "L": 27.944597244262695,
              "Tr": 0.036593601107597351,
              "contactDepth": 0.099998213350772858,
              "lastTireForce": {
                "x": -23.145481109619141,
                "y": -0.098901621997356415
              }
            },
            {
              "L": 27.98298454284668,
              "Tr": -0.25567293167114258,
              "contactDepth": 0.099998213350772858,
              "lastTireForce": {
                "x": -23.152885437011719,
                "y": 0.69100797176361084
              }
            }
          ],
          "engine": {
            "L": 138.10914611816406,
            "Treaction": -53.657112121582031,
            "rpmLimiterActive": false,
            "rpmLimiterTime": 0.0,
            "tcsActivationTime": -1.0
          },
          "gearbox": {
            "L": 0.27699309587478638,
            "manualGear": 0,
            "manualRatio": 0.0,
            "engaged": false,
            "lastEngagedTime": 0.0,
            "lastAutoShiftTime": 0.0,
            "vehicleMoving": false,
            "gearMode": 4,
            "automaticGear": 1,
            "automaticRatio": 3.6649999618530273,
            "transition": false,
            "transitionStartedTime": 289.79928588867188,
            "fromGear": 2,
            "toGear": 1,
            "fromRatio": 2.3959999084472656,
            "toRatio": 3.6649999618530273,
            "transitionRatio": 3.6649999618530273
          },
          "lastVelocity": {
            "x": -7.5577712059021,
            "y": -8.3900988101959229E-05,
            "z": -0.018193537369370461
          }
        }
      },
      "velocityType": 2,
      "linkVelocity": 97.1291275024414,
      "constantVelocity": 34.6761474609375,
      "desiredVelocity": 34.6761474609375,
      "currentVelocity": 27.203657150268555,
      "isCloseLoop": false,
      "isLaneChange": true,
      "isEgo": false,
      "spawnPointUniqueID": 6,
      "destinationUniqueID": 20,
      "startPointLinkInfo": {
        "linkIdx": "_17_3_L4_",
        "pointIdx": 431
      },
      "endPointLinkInfo": {
        "linkIdx": "_0_2_R3_",
        "pointIdx": 172
      },
      "currentLinkInfo": {
        "linkIdx": "_0_1_R3_",
        "pointIdx": 83
      },
      "loopStartLinkInfo": {
        "linkIdx": "",
        "pointIdx": 0
      },
      "v2vUDPSessionInfo": {
        "isInit": false,
        "v2vConfig": {
          "hostIP": "0.0.0.0",
          "Port": 5660,
          "receiveTimeout": 0,
          "BuffSize": 8196,
          "surroundVehiclePubTime": 100
        }
      },
      "latBiasMode": 1,
      "bias": -0.01594601571559906,
      "destinationMode": 1,
      "vehicleModelType": 257
    },
    {
      "DataID": 30100012,
      "UNIQUEID": 17,
      "m_eobstacleObjType": 1,
      "initPosition": {
        "initPositionMode": "Absolute",
        "pos": {
          "x": -555.72998046875,
          "y": -1.815000057220459,
          "z": 6.3850002288818359,
          "_x": "-555.730",
          "_y": "-1.815",
          "_z": "6.385"
        },
        "rot": {
          "roll": "0.000",
          "pitch": "0.193",
          "yaw": "-0.001"
        },
        "initLink": "_0_2_R1_",
        "initLinkRatio": 0,
        "gear": 4,
        "vehicleSaveData": {
          "velocity": 40.301715850830078,
          "inputData": [
            -1,
            1205,
            0,
            0,
            0,
            2,
            4,
            0,
            0,
            0
          ],
          "vehicle": {
            "time": 298.15469360351563,
            "lastVelocity": {
              "x": -11.194023132324219,
              "y": -0.00013697147369384766,
              "z": 0.00022761935542803258
            },
            "lastImpactTime": 0.0
          },
          "wheels": [
            {
              "L": 49.303756713867188,
              "Tr": -12.163541793823242,
              "contactDepth": 0.042933374643325806,
              "lastTireForce": {
                "x": 0.34102940559387207,
                "y": 37.936912536621094
              }
            },
            {
              "L": 49.303745269775391,
              "Tr": -12.164008140563965,
              "contactDepth": 0.042933851480484009,
              "lastTireForce": {
                "x": 0.34094798564910889,
                "y": 37.935493469238281
              }
            },
            {
              "L": 48.974681854248047,
              "Tr": -7.7651524543762207,
              "contactDepth": 0.032284706830978394,
              "lastTireForce": {
                "x": 0.26680627465248108,
                "y": 13.712158203125
              }
            },
            {
              "L": 48.974678039550781,
              "Tr": -7.765693187713623,
              "contactDepth": 0.032284975051879883,
              "lastTireForce": {
                "x": 0.26674240827560425,
                "y": 13.714698791503906
              }
            }
          ],
          "engine": {
            "L": 142.35614013671875,
            "Treaction": -63.793483734130859,
            "rpmLimiterActive": false,
            "rpmLimiterTime": 0.0,
            "tcsActivationTime": -1.0
          },
          "gearbox": {
            "L": 0.28353980183601379,
            "manualGear": 0,
            "manualRatio": 0.0,
            "engaged": false,
            "lastEngagedTime": 0.0,
            "lastAutoShiftTime": 0.0,
            "vehicleMoving": false,
            "gearMode": 4,
            "automaticGear": 2,
            "automaticRatio": 2.3959999084472656,
            "transition": false,
            "transitionStartedTime": 289.5394287109375,
            "fromGear": 3,
            "toGear": 2,
            "fromRatio": 1.6100000143051147,
            "toRatio": 2.3959999084472656,
            "transitionRatio": 2.3959999084472656
          },
          "lastVelocity": {
            "x": -11.194023132324219,
            "y": -0.00013697147369384766,
            "z": 0.00022761935542803258
          }
        }
      },
      "velocityType": 2,
      "linkVelocity": 92.469772338867188,
      "constantVelocity": 44.928535461425781,
      "desiredVelocity": 44.928535461425781,
      "currentVelocity": 40.301715850830078,
      "isCloseLoop": false,
      "isLaneChange": true,
      "isEgo": false,
      "spawnPointUniqueID": 2,
      "destinationUniqueID": 18,
      "startPointLinkInfo": {
        "linkIdx": "_6_2_L1_",
        "pointIdx": 393
      },
      "endPointLinkInfo": {
        "linkIdx": "_0_2_R1_",
        "pointIdx": 165
      },
      "currentLinkInfo": {
        "linkIdx": "_0_2_R1_",
        "pointIdx": 20
      },
      "loopStartLinkInfo": {
        "linkIdx": "",
        "pointIdx": 0
      },
      "v2vUDPSessionInfo": {
        "isInit": false,
        "v2vConfig": {
          "hostIP": "0.0.0.0",
          "Port": 5658,
          "receiveTimeout": 0,
          "BuffSize": 8196,
          "surroundVehiclePubTime": 100
        }
      },
      "latBiasMode": 1,
      "bias": 0.081476897001266479,
      "destinationMode": 1,
      "vehicleModelType": 257
    },
    {
      "DataID": 30100007,
      "UNIQUEID": 15,
      "m_eobstacleObjType": 1,
      "initPosition": {
        "initPositionMode": "Absolute",
        "pos": {
          "x": -625.41998291015625,
          "y": -8.7340002059936523,
          "z": 6.36299991607666,
          "_x": "-625.420",
          "_y": "-8.734",
          "_z": "6.363"
        },
        "rot": {
          "roll": "0.001",
          "pitch": "0.293",
          "yaw": "-0.002"
        },
        "initLink": "_0_1_R3_",
        "initLinkRatio": 0,
        "gear": 4,
        "vehicleSaveData": {
          "velocity": 25.526531219482422,
          "inputData": [
            0,
            2046,
            0,
            0,
            0,
            1,
            4,
            0,
            0,
            0
          ],
          "vehicle": {
            "time": 303.57171630859375,
            "lastVelocity": {
              "x": -7.0879430770874023,
              "y": -1.239181528944755E-05,
              "z": 0.00023412548762280494
            },
            "lastImpactTime": 0.0
          },
          "wheels": [
            {
              "L": 28.562156677246094,
              "Tr": -56.536415100097656,
              "contactDepth": 0.049451619386672974,
              "lastTireForce": {
                "x": 442.030029296875,
                "y": 285.9769287109375
              }
            },
            {
              "L": 28.562156677246094,
              "Tr": -56.536163330078125,
              "contactDepth": 0.04947894811630249,
              "lastTireForce": {
                "x": -442.1092529296875,
                "y": 285.9761962890625
              }
            },
            {
              "L": 27.713836669921875,
              "Tr": 0.538345217704773,
              "contactDepth": 0.035431981086730957,
              "lastTireForce": {
                "x": 0.073758900165557861,
                "y": -1.583368182182312
              }
            },
            {
              "L": 27.713834762573242,
              "Tr": 0.53821837902069092,
              "contactDepth": 0.0354590117931366,
              "lastTireForce": {
                "x": 0.073812015354633331,
                "y": -1.5829952955245972
              }
            }
          ],
          "engine": {
            "L": 171.36454772949219,
            "Treaction": -73.067466735839844,
            "rpmLimiterActive": false,
            "rpmLimiterTime": 0.0,
            "tcsActivationTime": -1.0
          },
          "gearbox": {
            "L": 0.337613046169281,
            "manualGear": 0,
            "manualRatio": 0.0,
            "engaged": false,
            "lastEngagedTime": 0.0,
            "lastAutoShiftTime": 0.0,
            "vehicleMoving": false,
            "gearMode": 4,
            "automaticGear": 1,
            "automaticRatio": 3.8670001029968262,
            "transition": false,
            "transitionStartedTime": 301.25299072265625,
            "fromGear": 2,
            "toGear": 1,
            "fromRatio": 2.2170000076293945,
            "toRatio": 3.8670001029968262,
            "transitionRatio": 3.8670001029968262
          },
          "lastVelocity": {
            "x": -7.0879430770874023,
            "y": -1.239181528944755E-05,
            "z": 0.00023412548762280494
          }
        }
      },
      "velocityType": 2,
      "linkVelocity": 87.130790710449219,
      "constantVelocity": 30.532451629638672,
      "desiredVelocity": 30.532451629638672,
      "currentVelocity": 25.526531219482422,
      "isCloseLoop": false,
      "isLaneChange": true,
      "isEgo": false,
      "spawnPointUniqueID": 6,
      "destinationUniqueID": 16,
      "startPointLinkInfo": {
        "linkIdx": "_17_3_L4_",
        "pointIdx": 431
      },
      "endPointLinkInfo": {
        "linkIdx": "_0_2_R3_",
        "pointIdx": 172
      },
      "currentLinkInfo": {
        "linkIdx": "_0_1_R3_",
        "pointIdx": 132
      },
      "loopStartLinkInfo": {
        "linkIdx": "",
        "pointIdx": 0
      },
      "v2vUDPSessionInfo": {
        "isInit": false,
        "v2vConfig": {
          "hostIP": "0.0.0.0",
          "Port": 5656,
          "receiveTimeout": 0,
          "BuffSize": 8196,
          "surroundVehiclePubTime": 100
        }
      },
      "latBiasMode": 1,
      "bias": -0.018577013164758682,
      "destinationMode": 1,
      "vehicleModelType": 257
    },
    {
      "DataID": 30200001,
      "UNIQUEID": 13,
      "m_eobstacleObjType": 1,
      "initPosition": {
        "initPositionMode": "Absolute",
        "pos": {
          "x": -542.88897705078125,
          "y": -5.2849998474121094,
          "z": 6.3959999084472656,
          "_x": "-542.889",
          "_y": "-5.285",
          "_z": "6.396"
        },
        "rot": {
          "roll": "-0.026",
          "pitch": "0.374",
          "yaw": "0.000"
        },
        "initLink": "_0_2_R2_",
        "initLinkRatio": 0,
        "gear": 4,
        "vehicleSaveData": {
          "velocity": 38.968986511230469,
          "inputData": [
            0,
            1229,
            0,
            0,
            0,
            2,
            4,
            0,
            0,
            0
          ],
          "vehicle": {
            "time": 304.81103515625,
            "lastVelocity": {
              "x": -10.82462215423584,
              "y": 5.8259697652829345E-06,
              "z": 0.020861204713582993
            },
            "lastImpactTime": 0.0
          },
          "wheels": [
            {
              "L": 48.139621734619141,
              "Tr": -10.239584922790527,
              "contactDepth": 0.050338774919509888,
              "lastTireForce": {
                "x": -379.10183715820313,
                "y": 45.317893981933594
              }
            },
            {
              "L": 48.1426887512207,
              "Tr": -9.93181324005127,
              "contactDepth": 0.048657000064849854,
              "lastTireForce": {
                "x": -2287.529296875,
                "y": 44.481147766113281
              }
            },
            {
              "L": 47.993949890136719,
              "Tr": -0.22512131929397583,
              "contactDepth": 0.032713502645492554,
              "lastTireForce": {
                "x": -716.087646484375,
                "y": 0.609259307384491
              }
            },
            {
              "L": 47.998794555664063,
              "Tr": 0.25870591402053833,
              "contactDepth": 0.031021267175674438,
              "lastTireForce": {
                "x": -987.56756591796875,
                "y": -0.70015132427215576
              }
            }
          ],
          "engine": {
            "L": 124.66990661621094,
            "Treaction": -53.529331207275391,
            "rpmLimiterActive": false,
            "rpmLimiterTime": 0.0,
            "tcsActivationTime": -1.0
          },
          "gearbox": {
            "L": 0.24898557364940643,
            "manualGear": 0,
            "manualRatio": 0.0,
            "engaged": false,
            "lastEngagedTime": 0.0,
            "lastAutoShiftTime": 0.0,
            "vehicleMoving": false,
            "gearMode": 4,
            "automaticGear": 2,
            "automaticRatio": 2.9460000991821289,
            "transition": false,
            "transitionStartedTime": 280.62432861328125,
            "fromGear": 3,
            "toGear": 2,
            "fromRatio": 1.9170000553131104,
            "toRatio": 2.9460000991821289,
            "transitionRatio": 2.9460000991821289
          },
          "lastVelocity": {
            "x": -10.82462215423584,
            "y": 5.8259697652829345E-06,
            "z": 0.020861204713582993
          }
        }
      },
      "velocityType": 2,
      "linkVelocity": 90.157218933105469,
      "constantVelocity": 38.984031677246094,
      "desiredVelocity": 38.984031677246094,
      "currentVelocity": 38.968986511230469,
      "isCloseLoop": false,
      "isLaneChange": true,
      "isEgo": false,
      "spawnPointUniqueID": 4,
      "destinationUniqueID": 14,
      "startPointLinkInfo": {
        "linkIdx": "_6_2_L2_",
        "pointIdx": 393
      },
      "endPointLinkInfo": {
        "linkIdx": "_0_2_R2_",
        "pointIdx": 172
      },
      "currentLinkInfo": {
        "linkIdx": "_0_2_R2_",
        "pointIdx": 46
      },
      "loopStartLinkInfo": {
        "linkIdx": "",
        "pointIdx": 0
      },
      "v2vUDPSessionInfo": {
        "isInit": false,
        "v2vConfig": {
          "hostIP": "0.0.0.0",
          "Port": 5654,
          "receiveTimeout": 0,
          "BuffSize": 8196,
          "surroundVehiclePubTime": 100
        }
      },
      "latBiasMode": 1,
      "bias": 0.042509507387876511,
      "destinationMode": 1,
      "vehicleModelType": 257
    },
    {
      "DataID": 30100007,
      "UNIQUEID": 11,
      "m_eobstacleObjType": 1,
      "initPosition": {
        "initPositionMode": "Absolute",
        "pos": {
          "x": -514.08599853515625,
          "y": -1.690000057220459,
          "z": 6.36299991607666,
          "_x": "-514.086",
          "_y": "-1.690",
          "_z": "6.363"
        },
        "rot": {
          "roll": "0.001",
          "pitch": "0.294",
          "yaw": "0.000"
        },
        "initLink": "_0_2_R1_",
        "initLinkRatio": 0,
        "gear": 4,
        "vehicleSaveData": {
          "velocity": 40.600387573242188,
          "inputData": [
            0,
            1869,
            0,
            0,
            0,
            3,
            4,
            0,
            0,
            0
          ],
          "vehicle": {
            "time": 304.19137573242188,
            "lastVelocity": {
              "x": -11.27729320526123,
              "y": 1.9511151094775414E-06,
              "z": 3.2958914744085632E-06
            },
            "lastImpactTime": 0.0
          },
          "wheels": [
            {
              "L": 44.926128387451172,
              "Tr": -58.5018310546875,
              "contactDepth": 0.049460679292678833,
              "lastTireForce": {
                "x": 702.43255615234375,
                "y": 278.42642211914063
              }
            },
            {
              "L": 44.926170349121094,
              "Tr": -58.500606536865234,
              "contactDepth": 0.049487859010696411,
              "lastTireForce": {
                "x": -702.750732421875,
                "y": 278.42306518554688
              }
            },
            {
              "L": 44.094203948974609,
              "Tr": 0.11532312631607056,
              "contactDepth": 0.03542405366897583,
              "lastTireForce": {
                "x": -0.025560077279806137,
                "y": -0.33918562531471252
              }
            },
            {
              "L": 44.094219207763672,
              "Tr": 0.11551700532436371,
              "contactDepth": 0.035452187061309814,
              "lastTireForce": {
                "x": -0.025582028552889824,
                "y": -0.33975592255592346
              }
            }
          ],
          "engine": {
            "L": 112.79766082763672,
            "Treaction": -65.043815612792969,
            "rpmLimiterActive": false,
            "rpmLimiterTime": 0.0,
            "tcsActivationTime": -1.0
          },
          "gearbox": {
            "L": 0.22364328801631927,
            "manualGear": 0,
            "manualRatio": 0.0,
            "engaged": false,
            "lastEngagedTime": 0.0,
            "lastAutoShiftTime": 0.0,
            "vehicleMoving": false,
            "gearMode": 4,
            "automaticGear": 3,
            "automaticRatio": 1.6100000143051147,
            "transition": false,
            "transitionStartedTime": 277.10626220703125,
            "fromGear": 4,
            "toGear": 3,
            "fromRatio": 1.190000057220459,
            "toRatio": 1.6100000143051147,
            "transitionRatio": 1.6100000143051147
          },
          "lastVelocity": {
            "x": -11.27729320526123,
            "y": 1.9511151094775414E-06,
            "z": 3.2958914744085632E-06
          }
        }
      },
      "velocityType": 2,
      "linkVelocity": 93.749435424804688,
      "constantVelocity": 40.9394416809082,
      "desiredVelocity": 40.9394416809082,
      "currentVelocity": 40.600387573242188,
      "isCloseLoop": false,
      "isLaneChange": true,
      "isEgo": false,
      "spawnPointUniqueID": 2,
      "destinationUniqueID": 12,
      "startPointLinkInfo": {
        "linkIdx": "_6_2_L1_",
        "pointIdx": 393
      },
      "endPointLinkInfo": {
        "linkIdx": "_0_2_R1_",
        "pointIdx": 165
      },
      "currentLinkInfo": {
        "linkIdx": "_0_2_R1_",
        "pointIdx": 103
      },
      "loopStartLinkInfo": {
        "linkIdx": "",
        "pointIdx": 0
      },
      "v2vUDPSessionInfo": {
        "isInit": false,
        "v2vConfig": {
          "hostIP": "0.0.0.0",
          "Port": 5652,
          "receiveTimeout": 0,
          "BuffSize": 8196,
          "surroundVehiclePubTime": 100
        }
      },
      "latBiasMode": 1,
      "bias": -0.070386312901973724,
      "destinationMode": 1,
      "vehicleModelType": 257
    },
    {
      "DataID": 30100009,
      "UNIQUEID": 9,
      "m_eobstacleObjType": 1,
      "initPosition": {
        "initPositionMode": "Absolute",
        "pos": {
          "x": -556.7249755859375,
          "y": -8.699000358581543,
          "z": 6.315000057220459,
          "_x": "-556.725",
          "_y": "-8.699",
          "_z": "6.315"
        },
        "rot": {
          "roll": "0.000",
          "pitch": "359.622",
          "yaw": "0.002"
        },
        "initLink": "_0_2_R3_",
        "initLinkRatio": 0,
        "gear": 4,
        "vehicleSaveData": {
          "velocity": 30.963371276855469,
          "inputData": [
            0,
            2261,
            0,
            0,
            0,
            1,
            4,
            0,
            0,
            0
          ],
          "vehicle": {
            "time": 310.44793701171875,
            "lastVelocity": {
              "x": -8.6008691787719727,
              "y": 4.9591094466450159E-06,
              "z": -0.0003110078105237335
            },
            "lastImpactTime": 0.0
          },
          "wheels": [
            {
              "L": 37.065921783447266,
              "Tr": -54.798088073730469,
              "contactDepth": 0.07069174200296402,
              "lastTireForce": {
                "x": 148.851318359375,
                "y": 250.86231994628906
              }
            },
            {
              "L": 37.065402984619141,
              "Tr": -54.815948486328125,
              "contactDepth": 0.070686496794223785,
              "lastTireForce": {
                "x": -147.53268432617188,
                "y": 250.89999389648438
              }
            },
            {
              "L": 39.106533050537109,
              "Tr": -4.3466973304748535,
              "contactDepth": 0.0580747127532959,
              "lastTireForce": {
                "x": 343.84307861328125,
                "y": 25.471357345581055
              }
            },
            {
              "L": 39.105937957763672,
              "Tr": -4.3675131797790527,
              "contactDepth": 0.058068186044692993,
              "lastTireForce": {
                "x": -343.26260375976563,
                "y": 25.512529373168945
              }
            }
          ],
          "engine": {
            "L": 177.61883544921875,
            "Treaction": -96.877555847167969,
            "rpmLimiterActive": false,
            "rpmLimiterTime": 0.0,
            "tcsActivationTime": -1.0
          },
          "gearbox": {
            "L": 0.35183095932006836,
            "manualGear": 0,
            "manualRatio": 0.0,
            "engaged": false,
            "lastEngagedTime": 0.0,
            "lastAutoShiftTime": 0.0,
            "vehicleMoving": false,
            "gearMode": 4,
            "automaticGear": 1,
            "automaticRatio": 3.6649999618530273,
            "transition": false,
            "transitionStartedTime": 282.70318603515625,
            "fromGear": 2,
            "toGear": 1,
            "fromRatio": 2.3959999084472656,
            "toRatio": 3.6649999618530273,
            "transitionRatio": 3.6649999618530273
          },
          "lastVelocity": {
            "x": -8.6008691787719727,
            "y": 4.9591094466450159E-06,
            "z": -0.0003110078105237335
          }
        }
      },
      "velocityType": 2,
      "linkVelocity": 89.817047119140625,
      "constantVelocity": 30.997623443603516,
      "desiredVelocity": 30.997623443603516,
      "currentVelocity": 30.963371276855469,
      "isCloseLoop": false,
      "isLaneChange": true,
      "isEgo": false,
      "spawnPointUniqueID": 6,
      "destinationUniqueID": 10,
      "startPointLinkInfo": {
        "linkIdx": "_17_3_L4_",
        "pointIdx": 431
      },
      "endPointLinkInfo": {
        "linkIdx": "_0_2_R3_",
        "pointIdx": 172
      },
      "currentLinkInfo": {
        "linkIdx": "_0_2_R3_",
        "pointIdx": 18
      },
      "loopStartLinkInfo": {
        "linkIdx": "",
        "pointIdx": 0
      },
      "v2vUDPSessionInfo": {
        "isInit": false,
        "v2vConfig": {
          "hostIP": "0.0.0.0",
          "Port": 5650,
          "receiveTimeout": 0,
          "BuffSize": 8196,
          "surroundVehiclePubTime": 100
        }
      },
      "latBiasMode": 1,
      "bias": -0.062062527984380722,
      "destinationMode": 1,
      "vehicleModelType": 257
    }
  ],
  "pedestrianList": [],
  "objectList": [],
  "spawnPointList": [
    {
      "DataID": 90100001,
      "UNIQUEID": 6,
      "m_eobstacleObjType": 5,
      "pos": {
        "x": -798.57000732421875,
        "y": -32.6609992980957,
        "z": 5.2610001564025879,
        "_x": "-798.570",
        "_y": "-32.661",
        "_z": "5.261"
      },
      "rot": {
        "roll": "0.000",
        "pitch": "358.593",
        "yaw": "14.819"
      },
      "scale": {
        "x": 1.0,
        "y": 1.0,
        "z": 1.0,
        "_x": "1.000",
        "_y": "1.000",
        "_z": "1.000"
      },
      "spawnVehicleTypeID": -1,
      "listVehicleLengthType": [
        2
      ],
      "isCloseLoop": false,
      "isLaneChange": true,
      "ParameterType": 1,
      "maximumSpawnVehicle": 20,
      "minSpawnPeriod": 4.0,
      "maxSpawnPeriod": 8.0,
      "SpawnVelocityType": 2,
      "MinSpawnVelocity_Custom": 40.0,
      "MaxSpawnVelocity_Custom": 40.0,
      "MinSpawnVelocity_Link": 0.0,
      "MaxSpawnVelocity_Link": 10.0,
      "DesiredVelocityType": 2,
      "MinDesiredVelocity_Custom": 30.0,
      "MaxDesiredVelocity_Custom": 40.0,
      "MinDesiredVelocity_Link": 85.0,
      "MaxDesiredVelocity_Link": 100.0,
      "spawnedVehiclesCount": 6,
      "isSpawning": false,
      "waitSpawnTime": 5.2877960205078125,
      "destinationObjUniqueID": 7,
      "startLinkInfo": {
        "linkIdx": "_17_3_L4_",
        "pointIdx": 431
      },
      "endLinkInfo": {
        "linkIdx": "_0_2_R3_",
        "pointIdx": 172
      },
      "latBiasMode": 1,
      "MinLatBias": -10.0,
      "MaxLatBias": 10.0,
      "DestinationMode": 1,
      "NPCSpawnType": 1,
      "SafetyDist": 5.0,
      "TTC": 1.0,
      "sPAWNPOINT_SETTING_MODE": 1,
      "rANDOMPOINT_LIFE_MODE": 0
    },
    {
      "DataID": 90100001,
      "UNIQUEID": 4,
      "m_eobstacleObjType": 5,
      "pos": {
        "x": -798.97998046875,
        "y": -5.25,
        "z": 6.0,
        "_x": "-798.980",
        "_y": "-5.250",
        "_z": "6.000"
      },
      "rot": {
        "roll": "0.000",
        "pitch": "0.000",
        "yaw": "0.000"
      },
      "scale": {
        "x": 1.0,
        "y": 1.0,
        "z": 1.0,
        "_x": "1.000",
        "_y": "1.000",
        "_z": "1.000"
      },
      "spawnVehicleTypeID": -1,
      "listVehicleLengthType": [
        2
      ],
      "isCloseLoop": false,
      "isLaneChange": true,
      "ParameterType": 1,
      "maximumSpawnVehicle": 20,
      "minSpawnPeriod": 4.0,
      "maxSpawnPeriod": 8.0,
      "SpawnVelocityType": 2,
      "MinSpawnVelocity_Custom": 40.0,
      "MaxSpawnVelocity_Custom": 40.0,
      "MinSpawnVelocity_Link": 0.0,
      "MaxSpawnVelocity_Link": 10.0,
      "DesiredVelocityType": 2,
      "MinDesiredVelocity_Custom": 30.0,
      "MaxDesiredVelocity_Custom": 40.0,
      "MinDesiredVelocity_Link": 85.0,
      "MaxDesiredVelocity_Link": 100.0,
      "spawnedVehiclesCount": 5,
      "isSpawning": false,
      "waitSpawnTime": 5.008181095123291,
      "destinationObjUniqueID": 5,
      "startLinkInfo": {
        "linkIdx": "_6_2_L2_",
        "pointIdx": 393
      },
      "endLinkInfo": {
        "linkIdx": "_0_2_R2_",
        "pointIdx": 172
      },
      "latBiasMode": 1,
      "MinLatBias": -10.0,
      "MaxLatBias": 10.0,
      "DestinationMode": 1,
      "NPCSpawnType": 1,
      "SafetyDist": 5.0,
      "TTC": 1.0,
      "sPAWNPOINT_SETTING_MODE": 1,
      "rANDOMPOINT_LIFE_MODE": 0
    },
    {
      "DataID": 90100001,
      "UNIQUEID": 2,
      "m_eobstacleObjType": 5,
      "pos": {
        "x": -798.947021484375,
        "y": -1.75,
        "z": 6.0,
        "_x": "-798.947",
        "_y": "-1.750",
        "_z": "6.000"
      },
      "rot": {
        "roll": "0.000",
        "pitch": "0.000",
        "yaw": "0.000"
      },
      "scale": {
        "x": 1.0,
        "y": 1.0,
        "z": 1.0,
        "_x": "1.000",
        "_y": "1.000",
        "_z": "1.000"
      },
      "spawnVehicleTypeID": -1,
      "listVehicleLengthType": [
        2
      ],
      "isCloseLoop": false,
      "isLaneChange": true,
      "ParameterType": 1,
      "maximumSpawnVehicle": 10,
      "minSpawnPeriod": 5.0,
      "maxSpawnPeriod": 10.0,
      "SpawnVelocityType": 2,
      "MinSpawnVelocity_Custom": 50.0,
      "MaxSpawnVelocity_Custom": 50.0,
      "MinSpawnVelocity_Link": 5.0,
      "MaxSpawnVelocity_Link": 10.0,
      "DesiredVelocityType": 2,
      "MinDesiredVelocity_Custom": 40.0,
      "MaxDesiredVelocity_Custom": 50.0,
      "MinDesiredVelocity_Link": 85.0,
      "MaxDesiredVelocity_Link": 100.0,
      "spawnedVehiclesCount": 4,
      "isSpawning": false,
      "waitSpawnTime": 6.7647624015808105,
      "destinationObjUniqueID": 3,
      "startLinkInfo": {
        "linkIdx": "_6_2_L1_",
        "pointIdx": 393
      },
      "endLinkInfo": {
        "linkIdx": "_0_2_R1_",
        "pointIdx": 165
      },
      "latBiasMode": 1,
      "MinLatBias": -10.0,
      "MaxLatBias": 10.0,
      "DestinationMode": 1,
      "NPCSpawnType": 1,
      "SafetyDist": 5.0,
      "TTC": 1.0,
      "sPAWNPOINT_SETTING_MODE": 1,
      "rANDOMPOINT_LIFE_MODE": 0
    }
  ],
  "tlList": [],
  "mapInfo": {
    "mapName": "V_RHT_HighwayJunction_1",
    "eastOffset": 0.0,
    "northOffset": 0.0,
    "globalCoordinateSystem": "WGS84_1",
    "scenarioCoordinateSystem": "ENU"
  },
  "v2IInfo": {
    "isAlive": false,
    "acceptIp": "127.0.0.1",
    "acceptPort": 5000,
    "v2vIP": "127.0.0.1"
  },
  "pedspawnPointList": [],
  "aiPedstrianList": [],
  "shadedAreaList": [],
  "frictionChangeMaterialList": []
}