{
  "version": 1.0,
  "egoVehicle": {
    "DataID": 20100010,
    "UNIQUEID": -1,
    "m_eobstacleObjType": 0,
    "initPosition": {
      "initPositionMode": "Absolute",
      "pos": {
        "x": -992.6820068359375,
        "y": -3.6600000858306885,
        "z": 6.3159999847412109,
        "_x": "-992.682",
        "_y": "-3.660",
        "_z": "6.316"
      },
      "rot": {
        "roll": "0.000",
        "pitch": "359.638",
        "yaw": "0.000"
      },
      "initLink": "",
      "initLinkRatio": 0,
      "gear": 1,
      "vehicleSaveData": {
        "velocity": 3.1393294193549082E-05,
        "inputData": [
          0,
          0,
          0,
          10000,
          10000,
          0,
          1,
          0,
          0,
          0
        ],
        "vehicle": {
          "time": 3957.41845703125,
          "lastVelocity": {
            "x": 1.3524470432457747E-08,
            "y": -6.6866077759186737E-06,
            "z": -7.4292472618253669E-07
          },
          "lastImpactTime": 0.0
        },
        "wheels": [
          {
            "L": -1.1185027126714431E-08,
            "Tr": 1.6299640037686913E-07,
            "contactDepth": 0.0710802748799324,
            "lastTireForce": {
              "x": 0.00018190714763477445,
              "y": -4.9169375415658578E-07
            }
          },
          {
            "L": -1.7923612816161949E-08,
            "Tr": -7.7748848070768872E-07,
            "contactDepth": 0.0710802748799324,
            "lastTireForce": {
              "x": 0.00018206587992608547,
              "y": 2.3453653739125002E-06
            }
          },
          {
            "L": 9.6438830330519958E-16,
            "Tr": 0.0,
            "contactDepth": 0.05768197774887085,
            "lastTireForce": {
              "x": 0.00017579959239810705,
              "y": 3.23482345265802E-05
            }
          },
          {
            "L": 3.9501762660030561E-16,
            "Tr": 0.0,
            "contactDepth": 0.05768197774887085,
            "lastTireForce": {
              "x": 0.00017616129480302334,
              "y": 4.8663179768482223E-05
            }
          }
        ],
        "engine": {
          "L": 32.986724853515625,
          "Treaction": -47.0325927734375,
          "rpmLimiterActive": false,
          "rpmLimiterTime": 0.0,
          "tcsActivationTime": -1.0
        },
        "gearbox": {
          "L": 0.0027915677055716515,
          "manualGear": 0,
          "manualRatio": 0.0,
          "engaged": false,
          "lastEngagedTime": 0.0,
          "lastAutoShiftTime": 0.0,
          "vehicleMoving": false,
          "gearMode": 1,
          "automaticGear": 0,
          "automaticRatio": 3.6649999618530273,
          "transition": false,
          "transitionStartedTime": 1934.625,
          "fromGear": -1,
          "toGear": 1,
          "fromRatio": -2.2730000019073486,
          "toRatio": 3.6649999618530273,
          "transitionRatio": -2.2730000019073486
        },
        "lastVelocity": {
          "x": 1.3524470432457747E-08,
          "y": -6.6866077759186737E-06,
          "z": -7.4292472618253669E-07
        }
      }
    },
    "currentVelocity": 3.1393294193549082E-05,
    "v2vUDPSessionInfo": {
      "isInit": false,
      "v2vConfig": {
        "hostIP": "0.0.0.0",
        "Port": 5641,
        "receiveTimeout": 0,
        "BuffSize": 8196,
        "surroundVehiclePubTime": 100
      }
    },
    "beforeControlMode": 0,
    "currentControlMode": 1
  },
  "vehicleList": [
    {
      "DataID": 30200002,
      "UNIQUEID": 31,
      "m_eobstacleObjType": 1,
      "initPosition": {
        "initPositionMode": "Absolute",
        "pos": {
          "x": -945.1290283203125,
          "y": -7.8579998016357422,
          "z": 6.3189997673034668,
          "_x": "-945.129",
          "_y": "-7.858",
          "_z": "6.319"
        },
        "rot": {
          "roll": "-0.002",
          "pitch": "0.004",
          "yaw": "-0.532"
        },
        "initLink": "_6_2_L3_",
        "initLinkRatio": 0,
        "gear": 4,
        "vehicleSaveData": {
          "velocity": 53.276557922363281,
          "inputData": [
            0,
            2391,
            0,
            0,
            0,
            3,
            4,
            0,
            0,
            0
          ],
          "vehicle": {
            "time": 280.64431762695313,
            "lastVelocity": {
              "x": -14.795974731445313,
              "y": -0.0022963583469390869,
              "z": 0.1350066065788269
            },
            "lastImpactTime": 0.0
          },
          "wheels": [
            {
              "L": 55.079193115234375,
              "Tr": -22.556459426879883,
              "contactDepth": 0.099946238100528717,
              "lastTireForce": {
                "x": 7.2988004684448242,
                "y": 96.063674926757813
              }
            },
            {
              "L": 55.077110290527344,
              "Tr": -23.669075012207031,
              "contactDepth": 0.099947191774845123,
              "lastTireForce": {
                "x": 7.2907724380493164,
                "y": 99.563186645507813
              }
            },
            {
              "L": 54.748027801513672,
              "Tr": 0.84184515476226807,
              "contactDepth": 0.09994671493768692,
              "lastTireForce": {
                "x": 15.308164596557617,
                "y": -2.2752573490142822
              }
            },
            {
              "L": 54.744831085205078,
              "Tr": -0.46703773736953735,
              "contactDepth": 0.09994671493768692,
              "lastTireForce": {
                "x": 15.239778518676758,
                "y": 1.2622641324996948
              }
            }
          ],
          "engine": {
            "L": 119.43795776367188,
            "Treaction": -57.604423522949219,
            "rpmLimiterActive": false,
            "rpmLimiterTime": 0.0,
            "tcsActivationTime": -1.0
          },
          "gearbox": {
            "L": 0.23822097480297089,
            "manualGear": 0,
            "manualRatio": 0.0,
            "engaged": false,
            "lastEngagedTime": 0.0,
            "lastAutoShiftTime": 0.0,
            "vehicleMoving": false,
            "gearMode": 4,
            "automaticGear": 3,
            "automaticRatio": 1.6100000143051147,
            "transition": false,
            "transitionStartedTime": 277.10626220703125,
            "fromGear": 4,
            "toGear": 3,
            "fromRatio": 1.190000057220459,
            "toRatio": 1.6100000143051147,
            "transitionRatio": 1.6100000143051147
          },
          "lastVelocity": {
            "x": -14.795974731445313,
            "y": -0.0022963583469390869,
            "z": 0.1350066065788269
          }
        }
      },
      "velocityType": 2,
      "linkVelocity": 91.17742919921875,
      "constantVelocity": 57.792388916015625,
      "desiredVelocity": 57.792388916015625,
      "currentVelocity": 53.276557922363281,
      "viewCurrentVelocity": 0.0,
      "isCloseLoop": false,
      "isLaneChange": true,
      "isEgo": false,
      "spawnPointUniqueID": 2,
      "destinationUniqueID": 32,
      "startPointLinkInfo": {
        "linkIdx": "_6_2_L3_",
        "pointIdx": 3
      },
      "endPointLinkInfo": {
        "linkIdx": "_12_2_R3_",
        "pointIdx": 388
      },
      "currentLinkInfo": {
        "linkIdx": "_6_2_L3_",
        "pointIdx": 101
      },
      "loopStartLinkInfo": {
        "linkIdx": "",
        "pointIdx": 0
      },
      "v2vUDPSessionInfo": {
        "isInit": false,
        "v2vConfig": {
          "hostIP": "0.0.0.0",
          "Port": 5672,
          "receiveTimeout": 0,
          "BuffSize": 8196,
          "surroundVehiclePubTime": 100
        }
      },
      "latBiasMode": 1,
      "bias": 0.035315629094839096,
      "destinationMode": 1,
      "vehicleModelType": 257
    },
    {
      "DataID": 30100011,
      "UNIQUEID": 29,
      "m_eobstacleObjType": 1,
      "initPosition": {
        "initPositionMode": "Absolute",
        "pos": {
          "x": -939.52398681640625,
          "y": -0.88499999046325684,
          "z": 6.3429999351501465,
          "_x": "-939.524",
          "_y": "-0.885",
          "_z": "6.343"
        },
        "rot": {
          "roll": "0.000",
          "pitch": "0.391",
          "yaw": "-0.543"
        },
        "initLink": "_6_2_L1_",
        "initLinkRatio": 0,
        "gear": 4,
        "vehicleSaveData": {
          "velocity": 54.425071716308594,
          "inputData": [
            0,
            2724,
            0,
            0,
            0,
            0,
            4,
            0,
            0,
            0
          ],
          "vehicle": {
            "time": 3.6399972438812256,
            "lastVelocity": {
              "x": -15.114423751831055,
              "y": -5.9431849877000786E-06,
              "z": 0.1432478129863739
            },
            "lastImpactTime": 0.0
          },
          "wheels": [
            {
              "L": 55.623477935791016,
              "Tr": -203.6412353515625,
              "contactDepth": 0.05421602725982666,
              "lastTireForce": {
                "x": 195.70254516601563,
                "y": 317.81546020507813
              }
            },
            {
              "L": 55.623481750488281,
              "Tr": -203.64137268066406,
              "contactDepth": 0.054215550422668457,
              "lastTireForce": {
                "x": -195.74417114257813,
                "y": 317.81460571289063
              }
            },
            {
              "L": 55.623558044433594,
              "Tr": 0.54742515087127686,
              "contactDepth": 0.035808831453323364,
              "lastTireForce": {
                "x": -0.020258117467164993,
                "y": -1.7107034921646118
              }
            },
            {
              "L": 55.623558044433594,
              "Tr": 0.54745310544967651,
              "contactDepth": 0.035810083150863647,
              "lastTireForce": {
                "x": -0.020209526643157005,
                "y": -1.7107909917831421
              }
            }
          ],
          "engine": {
            "L": 0.0,
            "Treaction": 0.0,
            "rpmLimiterActive": false,
            "rpmLimiterTime": 0.0,
            "tcsActivationTime": 0.0
          },
          "gearbox": {
            "L": 0.0,
            "manualGear": 0,
            "manualRatio": 0.0,
            "engaged": false,
            "lastEngagedTime": 0.0,
            "lastAutoShiftTime": 0.0,
            "vehicleMoving": false,
            "gearMode": 0,
            "automaticGear": 0,
            "automaticRatio": 0.0,
            "transition": false,
            "transitionStartedTime": 0.0,
            "fromGear": 0,
            "toGear": 0,
            "fromRatio": 0.0,
            "toRatio": 0.0,
            "transitionRatio": 0.0
          },
          "lastVelocity": {
            "x": -15.114423751831055,
            "y": -5.9431849877000786E-06,
            "z": 0.1432478129863739
          }
        }
      },
      "velocityType": 2,
      "linkVelocity": 93.582260131835938,
      "constantVelocity": 56.316413879394531,
      "desiredVelocity": 56.316413879394531,
      "currentVelocity": 54.425071716308594,
      "viewCurrentVelocity": 0.0,
      "isCloseLoop": false,
      "isLaneChange": true,
      "isEgo": false,
      "spawnPointUniqueID": 6,
      "destinationUniqueID": 30,
      "startPointLinkInfo": {
        "linkIdx": "_6_2_L1_",
        "pointIdx": 4
      },
      "endPointLinkInfo": {
        "linkIdx": "_12_2_R1_",
        "pointIdx": 393
      },
      "currentLinkInfo": {
        "linkIdx": "_6_2_L1_",
        "pointIdx": 112
      },
      "loopStartLinkInfo": {
        "linkIdx": "",
        "pointIdx": 0
      },
      "v2vUDPSessionInfo": {
        "isInit": false,
        "v2vConfig": {
          "hostIP": "0.0.0.0",
          "Port": 5670,
          "receiveTimeout": 0,
          "BuffSize": 8196,
          "surroundVehiclePubTime": 100
        }
      },
      "latBiasMode": 1,
      "bias": 0.00458463653922081,
      "destinationMode": 1,
      "vehicleModelType": 257
    },
    {
      "DataID": 30200001,
      "UNIQUEID": 27,
      "m_eobstacleObjType": 1,
      "initPosition": {
        "initPositionMode": "Absolute",
        "pos": {
          "x": 919.719970703125,
          "y": 12.302000045776367,
          "z": 6.3959999084472656,
          "_x": "919.720",
          "_y": "12.302",
          "_z": "6.396"
        },
        "rot": {
          "roll": "-359.986",
          "pitch": "0.369",
          "yaw": "-179.934"
        },
        "initLink": "_12_2_L4_",
        "initLinkRatio": 0,
        "gear": 4,
        "vehicleSaveData": {
          "velocity": 53.358180999755859,
          "inputData": [
            0,
            1576,
            0,
            0,
            0,
            3,
            4,
            0,
            0,
            0
          ],
          "vehicle": {
            "time": 281.58380126953125,
            "lastVelocity": {
              "x": 14.820000648498535,
              "y": 2.4138287244568346E-06,
              "z": 0.0053818565793335438
            },
            "lastImpactTime": 0.0
          },
          "wheels": [
            {
              "L": 66.198623657226563,
              "Tr": -35.787666320800781,
              "contactDepth": 0.049861878156661987,
              "lastTireForce": {
                "x": 435.21734619140625,
                "y": 147.25944519042969
              }
            },
            {
              "L": 66.203628540039063,
              "Tr": -35.286933898925781,
              "contactDepth": 0.048904716968536377,
              "lastTireForce": {
                "x": -1907.2935791015625,
                "y": 145.90074157714844
              }
            },
            {
              "L": 65.7088394165039,
              "Tr": 0.0798533707857132,
              "contactDepth": 0.032459676265716553,
              "lastTireForce": {
                "x": -463.25775146484375,
                "y": -0.2161119282245636
              }
            },
            {
              "L": 65.714881896972656,
              "Tr": 0.68214857578277588,
              "contactDepth": 0.031495541334152222,
              "lastTireForce": {
                "x": -554.8084716796875,
                "y": -1.8461397886276245
              }
            }
          ],
          "engine": {
            "L": 111.26829528808594,
            "Treaction": -60.198028564453125,
            "rpmLimiterActive": false,
            "rpmLimiterTime": 0.0,
            "tcsActivationTime": -1.0
          },
          "gearbox": {
            "L": 0.22181907296180725,
            "manualGear": 0,
            "manualRatio": 0.0,
            "engaged": false,
            "lastEngagedTime": 0.0,
            "lastAutoShiftTime": 0.0,
            "vehicleMoving": false,
            "gearMode": 4,
            "automaticGear": 3,
            "automaticRatio": 1.9170000553131104,
            "transition": false,
            "transitionStartedTime": 276.70648193359375,
            "fromGear": 4,
            "toGear": 3,
            "fromRatio": 1.4199999570846558,
            "toRatio": 1.9170000553131104,
            "transitionRatio": 1.9170000553131104
          },
          "lastVelocity": {
            "x": 14.820000648498535,
            "y": 2.4138287244568346E-06,
            "z": 0.0053818565793335438
          }
        }
      },
      "velocityType": 2,
      "linkVelocity": 97.113662719726563,
      "constantVelocity": 54.951175689697266,
      "desiredVelocity": 54.951175689697266,
      "currentVelocity": 53.358180999755859,
      "viewCurrentVelocity": 0.0,
      "isCloseLoop": false,
      "isLaneChange": true,
      "isEgo": false,
      "spawnPointUniqueID": 4,
      "destinationUniqueID": 28,
      "startPointLinkInfo": {
        "linkIdx": "_12_2_L4_",
        "pointIdx": 7
      },
      "endPointLinkInfo": {
        "linkIdx": "_6_2_R4_",
        "pointIdx": 430
      },
      "currentLinkInfo": {
        "linkIdx": "_12_2_L4_",
        "pointIdx": 150
      },
      "loopStartLinkInfo": {
        "linkIdx": "",
        "pointIdx": 0
      },
      "v2vUDPSessionInfo": {
        "isInit": false,
        "v2vConfig": {
          "hostIP": "0.0.0.0",
          "Port": 5668,
          "receiveTimeout": 0,
          "BuffSize": 8196,
          "surroundVehiclePubTime": 100
        }
      },
      "latBiasMode": 1,
      "bias": -0.040006484836339951,
      "destinationMode": 1,
      "vehicleModelType": 257
    },
    {
      "DataID": 30200010,
      "UNIQUEID": 25,
      "m_eobstacleObjType": 1,
      "initPosition": {
        "initPositionMode": "Absolute",
        "pos": {
          "x": 894.93402099609375,
          "y": 5.3499999046325684,
          "z": 6.3210000991821289,
          "_x": "894.934",
          "_y": "5.350",
          "_z": "6.321"
        },
        "rot": {
          "roll": "0.000",
          "pitch": "359.901",
          "yaw": "-179.934"
        },
        "initLink": "_12_2_L2_",
        "initLinkRatio": 0,
        "gear": 4,
        "vehicleSaveData": {
          "velocity": 53.32952880859375,
          "inputData": [
            0,
            1964,
            0,
            0,
            0,
            4,
            4,
            0,
            0,
            0
          ],
          "vehicle": {
            "time": 282.46331787109375,
            "lastVelocity": {
              "x": 14.812098503112793,
              "y": 4.3337226998119149E-06,
              "z": 0.016965987160801888
            },
            "lastImpactTime": 0.0
          },
          "wheels": [
            {
              "L": 56.412670135498047,
              "Tr": -93.994171142578125,
              "contactDepth": 0.043102920055389404,
              "lastTireForce": {
                "x": 385.98611450195313,
                "y": 476.30435180664063
              }
            },
            {
              "L": 56.412670135498047,
              "Tr": -93.992912292480469,
              "contactDepth": 0.043102920055389404,
              "lastTireForce": {
                "x": -385.92059326171875,
                "y": 476.29901123046875
              }
            },
            {
              "L": 55.101043701171875,
              "Tr": 0.3063628077507019,
              "contactDepth": 0.047640383243560791,
              "lastTireForce": {
                "x": 0.042421590536832809,
                "y": -0.988267183303833
              }
            },
            {
              "L": 55.101043701171875,
              "Tr": 0.3063628077507019,
              "contactDepth": 0.047641187906265259,
              "lastTireForce": {
                "x": 0.042417660355567932,
                "y": -0.988267183303833
              }
            }
          ],
          "engine": {
            "L": 127.51499176025391,
            "Treaction": -87.74945068359375,
            "rpmLimiterActive": false,
            "rpmLimiterTime": 0.0,
            "tcsActivationTime": -1.0
          },
          "gearbox": {
            "L": 0.25234046578407288,
            "manualGear": 0,
            "manualRatio": 0.0,
            "engaged": false,
            "lastEngagedTime": 0.0,
            "lastAutoShiftTime": 0.0,
            "vehicleMoving": false,
            "gearMode": 4,
            "automaticGear": 4,
            "automaticRatio": 1.190000057220459,
            "transition": false,
            "transitionStartedTime": 274.12789916992188,
            "fromGear": 5,
            "toGear": 4,
            "fromRatio": 1.0,
            "toRatio": 1.190000057220459,
            "transitionRatio": 1.190000057220459
          },
          "lastVelocity": {
            "x": 14.812098503112793,
            "y": 4.3337226998119149E-06,
            "z": 0.016965987160801888
          }
        }
      },
      "velocityType": 2,
      "linkVelocity": 88.802108764648438,
      "constantVelocity": 56.029403686523438,
      "desiredVelocity": 56.029403686523438,
      "currentVelocity": 53.32952880859375,
      "viewCurrentVelocity": 0.0,
      "isCloseLoop": false,
      "isLaneChange": true,
      "isEgo": false,
      "spawnPointUniqueID": 8,
      "destinationUniqueID": 26,
      "startPointLinkInfo": {
        "linkIdx": "_12_2_L2_",
        "pointIdx": 5
      },
      "endPointLinkInfo": {
        "linkIdx": "_6_2_R2_",
        "pointIdx": 420
      },
      "currentLinkInfo": {
        "linkIdx": "_12_2_L2_",
        "pointIdx": 200
      },
      "loopStartLinkInfo": {
        "linkIdx": "",
        "pointIdx": 0
      },
      "v2vUDPSessionInfo": {
        "isInit": false,
        "v2vConfig": {
          "hostIP": "0.0.0.0",
          "Port": 5666,
          "receiveTimeout": 0,
          "BuffSize": 8196,
          "surroundVehiclePubTime": 100
        }
      },
      "latBiasMode": 1,
      "bias": 0.054053705185651779,
      "destinationMode": 1,
      "vehicleModelType": 257
    },
    {
      "DataID": 30100012,
      "UNIQUEID": 23,
      "m_eobstacleObjType": 1,
      "initPosition": {
        "initPositionMode": "Absolute",
        "pos": {
          "x": -844.18499755859375,
          "y": -8.72700023651123,
          "z": 6.3850002288818359,
          "_x": "-844.185",
          "_y": "-8.727",
          "_z": "6.385"
        },
        "rot": {
          "roll": "-359.988",
          "pitch": "0.191",
          "yaw": "-0.138"
        },
        "initLink": "_6_2_L3_",
        "initLinkRatio": 0,
        "gear": 4,
        "vehicleSaveData": {
          "velocity": 54.830654144287109,
          "inputData": [
            -29,
            699,
            0,
            0,
            0,
            3,
            4,
            0,
            0,
            0
          ],
          "vehicle": {
            "time": 287.8603515625,
            "lastVelocity": {
              "x": -15.23122501373291,
              "y": 6.9141387939453125E-06,
              "z": 0.029435789212584496
            },
            "lastImpactTime": 0.0
          },
          "wheels": [
            {
              "L": 66.601249694824219,
              "Tr": 6.6520180702209473,
              "contactDepth": 0.042678236961364746,
              "lastTireForce": {
                "x": -75.773818969726563,
                "y": -26.260526657104492
              }
            },
            {
              "L": 66.6723861694336,
              "Tr": 8.1294946670532227,
              "contactDepth": 0.043056309223175049,
              "lastTireForce": {
                "x": -77.003852844238281,
                "y": -23.669292449951172
              }
            },
            {
              "L": 66.600112915039063,
              "Tr": 1.5953669548034668,
              "contactDepth": 0.032147914171218872,
              "lastTireForce": {
                "x": -68.396965026855469,
                "y": -4.1562175750732422
              }
            },
            {
              "L": 66.673377990722656,
              "Tr": 3.219003438949585,
              "contactDepth": 0.032536536455154419,
              "lastTireForce": {
                "x": -69.434051513671875,
                "y": -5.2081766128540039
              }
            }
          ],
          "engine": {
            "L": 129.49215698242188,
            "Treaction": -49.245170593261719,
            "rpmLimiterActive": false,
            "rpmLimiterTime": 0.0,
            "tcsActivationTime": -1.0
          },
          "gearbox": {
            "L": 0.25881165266036987,
            "manualGear": 0,
            "manualRatio": 0.0,
            "engaged": false,
            "lastEngagedTime": 0.0,
            "lastAutoShiftTime": 0.0,
            "vehicleMoving": false,
            "gearMode": 4,
            "automaticGear": 3,
            "automaticRatio": 1.6100000143051147,
            "transition": false,
            "transitionStartedTime": 277.10626220703125,
            "fromGear": 4,
            "toGear": 3,
            "fromRatio": 1.190000057220459,
            "toRatio": 1.6100000143051147,
            "transitionRatio": 1.6100000143051147
          },
          "lastVelocity": {
            "x": -15.23122501373291,
            "y": 6.9141387939453125E-06,
            "z": 0.029435789212584496
          }
        }
      },
      "velocityType": 2,
      "linkVelocity": 93.510330200195313,
      "constantVelocity": 56.13482666015625,
      "desiredVelocity": 56.13482666015625,
      "currentVelocity": 54.830654144287109,
      "viewCurrentVelocity": 0.0,
      "isCloseLoop": false,
      "isLaneChange": true,
      "isEgo": false,
      "spawnPointUniqueID": 2,
      "destinationUniqueID": 24,
      "startPointLinkInfo": {
        "linkIdx": "_6_2_L3_",
        "pointIdx": 3
      },
      "endPointLinkInfo": {
        "linkIdx": "_12_2_R3_",
        "pointIdx": 388
      },
      "currentLinkInfo": {
        "linkIdx": "_6_2_L3_",
        "pointIdx": 303
      },
      "loopStartLinkInfo": {
        "linkIdx": "",
        "pointIdx": 0
      },
      "v2vUDPSessionInfo": {
        "isInit": false,
        "v2vConfig": {
          "hostIP": "0.0.0.0",
          "Port": 5664,
          "receiveTimeout": 0,
          "BuffSize": 8196,
          "surroundVehiclePubTime": 100
        }
      },
      "latBiasMode": 1,
      "bias": -0.03114677406847477,
      "destinationMode": 1,
      "vehicleModelType": 257
    },
    {
      "DataID": 30200003,
      "UNIQUEID": 21,
      "m_eobstacleObjType": 1,
      "initPosition": {
        "initPositionMode": "Absolute",
        "pos": {
          "x": -793.5059814453125,
          "y": -1.6749999523162842,
          "z": 6.3400001525878906,
          "_x": "-793.506",
          "_y": "-1.675",
          "_z": "6.340"
        },
        "rot": {
          "roll": "0.000",
          "pitch": "0.330",
          "yaw": "-0.004"
        },
        "initLink": "_6_2_L1_",
        "initLinkRatio": 0,
        "gear": 4,
        "vehicleSaveData": {
          "velocity": 64.482795715332031,
          "inputData": [
            0,
            2876,
            0,
            0,
            0,
            4,
            4,
            0,
            0,
            0
          ],
          "vehicle": {
            "time": 287.58050537109375,
            "lastVelocity": {
              "x": -17.91099739074707,
              "y": -1.0305622708983719E-05,
              "z": 0.001190106850117445
            },
            "lastImpactTime": 0.0
          },
          "wheels": [
            {
              "L": 69.5100326538086,
              "Tr": -111.09836578369141,
              "contactDepth": 0.050567001104354858,
              "lastTireForce": {
                "x": 668.65966796875,
                "y": 524.83392333984375
              }
            },
            {
              "L": 69.510025024414063,
              "Tr": -111.09854125976563,
              "contactDepth": 0.050567001104354858,
              "lastTireForce": {
                "x": -668.47216796875,
                "y": 524.83477783203125
              }
            },
            {
              "L": 67.972221374511719,
              "Tr": 0.16985867917537689,
              "contactDepth": 0.035039305686950684,
              "lastTireForce": {
                "x": 0.063607677817344666,
                "y": -0.51472330093383789
              }
            },
            {
              "L": 67.972213745117188,
              "Tr": 0.1693664938211441,
              "contactDepth": 0.035039186477661133,
              "lastTireForce": {
                "x": 0.063601396977901459,
                "y": -0.51323175430297852
              }
            }
          ],
          "engine": {
            "L": 144.7568359375,
            "Treaction": -99.494155883789063,
            "rpmLimiterActive": false,
            "rpmLimiterTime": 0.0,
            "tcsActivationTime": -1.0
          },
          "gearbox": {
            "L": 0.28664037585258484,
            "manualGear": 0,
            "manualRatio": 0.0,
            "engaged": false,
            "lastEngagedTime": 0.0,
            "lastAutoShiftTime": 0.0,
            "vehicleMoving": false,
            "gearMode": 4,
            "automaticGear": 4,
            "automaticRatio": 1.190000057220459,
            "transition": false,
            "transitionStartedTime": 274.12789916992188,
            "fromGear": 5,
            "toGear": 4,
            "fromRatio": 1.0,
            "toRatio": 1.190000057220459,
            "transitionRatio": 1.190000057220459
          },
          "lastVelocity": {
            "x": -17.91099739074707,
            "y": -1.0305622708983719E-05,
            "z": 0.001190106850117445
          }
        }
      },
      "velocityType": 2,
      "linkVelocity": 88.2513198852539,
      "constantVelocity": 64.772895812988281,
      "desiredVelocity": 64.772895812988281,
      "currentVelocity": 64.482795715332031,
      "viewCurrentVelocity": 0.0,
      "isCloseLoop": false,
      "isLaneChange": true,
      "isEgo": false,
      "spawnPointUniqueID": 6,
      "destinationUniqueID": 22,
      "startPointLinkInfo": {
        "linkIdx": "_6_2_L1_",
        "pointIdx": 4
      },
      "endPointLinkInfo": {
        "linkIdx": "_12_2_R1_",
        "pointIdx": 393
      },
      "currentLinkInfo": {
        "linkIdx": "_6_2_L1_",
        "pointIdx": 404
      },
      "loopStartLinkInfo": {
        "linkIdx": "",
        "pointIdx": 0
      },
      "v2vUDPSessionInfo": {
        "isInit": false,
        "v2vConfig": {
          "hostIP": "0.0.0.0",
          "Port": 5662,
          "receiveTimeout": 0,
          "BuffSize": 8196,
          "surroundVehiclePubTime": 100
        }
      },
      "latBiasMode": 1,
      "bias": -0.088079944252967834,
      "destinationMode": 1,
      "vehicleModelType": 257
    },
    {
      "DataID": 30100010,
      "UNIQUEID": 19,
      "m_eobstacleObjType": 1,
      "initPosition": {
        "initPositionMode": "Absolute",
        "pos": {
          "x": -689.97100830078125,
          "y": -1.7059999704360962,
          "z": 6.3260002136230469,
          "_x": "-689.971",
          "_y": "-1.706",
          "_z": "6.326"
        },
        "rot": {
          "roll": "0.000",
          "pitch": "0.093",
          "yaw": "0.001"
        },
        "initLink": "_0_1_R1_",
        "initLinkRatio": 0,
        "gear": 4,
        "vehicleSaveData": {
          "velocity": 62.177059173583984,
          "inputData": [
            0,
            1605,
            0,
            0,
            0,
            3,
            4,
            0,
            0,
            0
          ],
          "vehicle": {
            "time": 293.95700073242188,
            "lastVelocity": {
              "x": -17.271347045898438,
              "y": 4.05117043555947E-06,
              "z": -0.00030828695162199438
            },
            "lastImpactTime": 0.0
          },
          "wheels": [
            {
              "L": 70.780807495117188,
              "Tr": -89.966705322265625,
              "contactDepth": 0.047341853380203247,
              "lastTireForce": {
                "x": 262.20492553710938,
                "y": 409.825927734375
              }
            },
            {
              "L": 70.78082275390625,
              "Tr": -89.965629577636719,
              "contactDepth": 0.047342032194137573,
              "lastTireForce": {
                "x": -262.28573608398438,
                "y": 409.82510375976563
              }
            },
            {
              "L": 69.517173767089844,
              "Tr": 0.012712025083601475,
              "contactDepth": 0.042456269264221191,
              "lastTireForce": {
                "x": -0.035691700875759125,
                "y": -0.036320071667432785
              }
            },
            {
              "L": 69.517166137695313,
              "Tr": 0.011905932798981667,
              "contactDepth": 0.042456746101379395,
              "lastTireForce": {
                "x": -0.035693109035491943,
                "y": -0.03401695191860199
              }
            }
          ],
          "engine": {
            "L": 156.60368347167969,
            "Treaction": -89.7385025024414,
            "rpmLimiterActive": false,
            "rpmLimiterTime": 0.0,
            "tcsActivationTime": 276.1068115234375
          },
          "gearbox": {
            "L": 0.31064200401306152,
            "manualGear": 0,
            "manualRatio": 0.0,
            "engaged": false,
            "lastEngagedTime": 0.0,
            "lastAutoShiftTime": 0.0,
            "vehicleMoving": false,
            "gearMode": 4,
            "automaticGear": 3,
            "automaticRatio": 1.6100000143051147,
            "transition": false,
            "transitionStartedTime": 275.92691040039063,
            "fromGear": 4,
            "toGear": 3,
            "fromRatio": 1.190000057220459,
            "toRatio": 1.6100000143051147,
            "transitionRatio": 1.6100000143051147
          },
          "lastVelocity": {
            "x": -17.271347045898438,
            "y": 4.05117043555947E-06,
            "z": -0.00030828695162199438
          }
        }
      },
      "velocityType": 2,
      "linkVelocity": 89.84954833984375,
      "constantVelocity": 62.197257995605469,
      "desiredVelocity": 62.197257995605469,
      "currentVelocity": 62.177059173583984,
      "viewCurrentVelocity": 0.0,
      "isCloseLoop": false,
      "isLaneChange": true,
      "isEgo": false,
      "spawnPointUniqueID": 6,
      "destinationUniqueID": 20,
      "startPointLinkInfo": {
        "linkIdx": "_6_2_L1_",
        "pointIdx": 4
      },
      "endPointLinkInfo": {
        "linkIdx": "_12_2_R1_",
        "pointIdx": 393
      },
      "currentLinkInfo": {
        "linkIdx": "_0_1_R1_",
        "pointIdx": 3
      },
      "loopStartLinkInfo": {
        "linkIdx": "",
        "pointIdx": 0
      },
      "v2vUDPSessionInfo": {
        "isInit": false,
        "v2vConfig": {
          "hostIP": "0.0.0.0",
          "Port": 5660,
          "receiveTimeout": 0,
          "BuffSize": 8196,
          "surroundVehiclePubTime": 100
        }
      },
      "latBiasMode": 1,
      "bias": -0.056052587926387787,
      "destinationMode": 1,
      "vehicleModelType": 257
    },
    {
      "DataID": 30200002,
      "UNIQUEID": 17,
      "m_eobstacleObjType": 1,
      "initPosition": {
        "initPositionMode": "Absolute",
        "pos": {
          "x": -729.76397705078125,
          "y": -8.8100004196167,
          "z": 6.3189997673034668,
          "_x": "-729.764",
          "_y": "-8.810",
          "_z": "6.319"
        },
        "rot": {
          "roll": "0.000",
          "pitch": "0.004",
          "yaw": "-0.002"
        },
        "initLink": "_52_0_L3_",
        "initLinkRatio": 0,
        "gear": 4,
        "vehicleSaveData": {
          "velocity": 51.67108154296875,
          "inputData": [
            -4,
            2182,
            0,
            0,
            0,
            3,
            4,
            0,
            0,
            0
          ],
          "vehicle": {
            "time": 295.65606689453125,
            "lastVelocity": {
              "x": -14.351499557495117,
              "y": -0.00013187527656555176,
              "z": 0.00078066968126222491
            },
            "lastImpactTime": 0.0
          },
          "wheels": [
            {
              "L": 53.309112548828125,
              "Tr": -14.670199394226074,
              "contactDepth": 0.099996306002140045,
              "lastTireForce": {
                "x": -0.65742027759552,
                "y": 62.118972778320313
              }
            },
            {
              "L": 53.309371948242188,
              "Tr": -14.56261157989502,
              "contactDepth": 0.099996306002140045,
              "lastTireForce": {
                "x": -0.65750658512115479,
                "y": 61.748321533203125
              }
            },
            {
              "L": 53.100284576416016,
              "Tr": 0.12412614375352859,
              "contactDepth": 0.099996306002140045,
              "lastTireForce": {
                "x": -1.601544976234436,
                "y": -0.33547601103782654
              }
            },
            {
              "L": 53.100666046142578,
              "Tr": 0.271028608083725,
              "contactDepth": 0.099996306002140045,
              "lastTireForce": {
                "x": -1.6096011400222778,
                "y": -0.73250973224639893
              }
            }
          ],
          "engine": {
            "L": 115.73558044433594,
            "Treaction": -53.543121337890625,
            "rpmLimiterActive": false,
            "rpmLimiterTime": 0.0,
            "tcsActivationTime": -1.0
          },
          "gearbox": {
            "L": 0.23105886578559875,
            "manualGear": 0,
            "manualRatio": 0.0,
            "engaged": false,
            "lastEngagedTime": 0.0,
            "lastAutoShiftTime": 0.0,
            "vehicleMoving": false,
            "gearMode": 4,
            "automaticGear": 3,
            "automaticRatio": 1.6100000143051147,
            "transition": false,
            "transitionStartedTime": 277.10626220703125,
            "fromGear": 4,
            "toGear": 3,
            "fromRatio": 1.190000057220459,
            "toRatio": 1.6100000143051147,
            "transitionRatio": 1.6100000143051147
          },
          "lastVelocity": {
            "x": -14.351499557495117,
            "y": -0.00013187527656555176,
            "z": 0.00078066968126222491
          }
        }
      },
      "velocityType": 2,
      "linkVelocity": 87.244827270507813,
      "constantVelocity": 53.425582885742188,
      "desiredVelocity": 53.425582885742188,
      "currentVelocity": 51.67108154296875,
      "viewCurrentVelocity": 0.0,
      "isCloseLoop": false,
      "isLaneChange": true,
      "isEgo": false,
      "spawnPointUniqueID": 2,
      "destinationUniqueID": 18,
      "startPointLinkInfo": {
        "linkIdx": "_6_2_L3_",
        "pointIdx": 3
      },
      "endPointLinkInfo": {
        "linkIdx": "_12_2_R3_",
        "pointIdx": 388
      },
      "currentLinkInfo": {
        "linkIdx": "_52_0_L3_",
        "pointIdx": 4
      },
      "loopStartLinkInfo": {
        "linkIdx": "",
        "pointIdx": 0
      },
      "v2vUDPSessionInfo": {
        "isInit": false,
        "v2vConfig": {
          "hostIP": "0.0.0.0",
          "Port": 5658,
          "receiveTimeout": 0,
          "BuffSize": 8196,
          "surroundVehiclePubTime": 100
        }
      },
      "latBiasMode": 1,
      "bias": 0.070009380578994751,
      "destinationMode": 1,
      "vehicleModelType": 257
    },
    {
      "DataID": 30200007,
      "UNIQUEID": 15,
      "m_eobstacleObjType": 1,
      "initPosition": {
        "initPositionMode": "Absolute",
        "pos": {
          "x": 698.70697021484375,
          "y": 12.246999740600586,
          "z": 6.4260001182556152,
          "_x": "698.707",
          "_y": "12.247",
          "_z": "6.426"
        },
        "rot": {
          "roll": "0.000",
          "pitch": "0.433",
          "yaw": "-179.998"
        },
        "initLink": "_34_0_L4_",
        "initLinkRatio": 0,
        "gear": 4,
        "vehicleSaveData": {
          "velocity": 54.271244049072266,
          "inputData": [
            0,
            708,
            0,
            0,
            0,
            3,
            4,
            0,
            0,
            0
          ],
          "vehicle": {
            "time": 296.69549560546875,
            "lastVelocity": {
              "x": 15.075078964233398,
              "y": -1.2665987014770508E-05,
              "z": 0.00050979322986677289
            },
            "lastImpactTime": 0.0
          },
          "wheels": [
            {
              "L": 85.975334167480469,
              "Tr": -3.804903507232666,
              "contactDepth": 0.039613723754882813,
              "lastTireForce": {
                "x": 0.28065916895866394,
                "y": 13.812336921691895
              }
            },
            {
              "L": 85.975334167480469,
              "Tr": -3.8051028251647949,
              "contactDepth": 0.0396137535572052,
              "lastTireForce": {
                "x": 0.28063613176345825,
                "y": 13.812304496765137
              }
            },
            {
              "L": 85.935653686523438,
              "Tr": -0.67136693000793457,
              "contactDepth": 0.017406672239303589,
              "lastTireForce": {
                "x": 0.13153301179409027,
                "y": 1.7117688655853271
              }
            },
            {
              "L": 85.935653686523438,
              "Tr": -0.67152583599090576,
              "contactDepth": 0.01740574836730957,
              "lastTireForce": {
                "x": 0.13149355351924896,
                "y": 1.7135066986083984
              }
            }
          ],
          "engine": {
            "L": 118.19094848632813,
            "Treaction": -50.775600433349609,
            "rpmLimiterActive": false,
            "rpmLimiterTime": 0.0,
            "tcsActivationTime": -1.0
          },
          "gearbox": {
            "L": 0.23632174730300903,
            "manualGear": 0,
            "manualRatio": 0.0,
            "engaged": false,
            "lastEngagedTime": 0.0,
            "lastAutoShiftTime": 0.0,
            "vehicleMoving": false,
            "gearMode": 4,
            "automaticGear": 3,
            "automaticRatio": 1.6100000143051147,
            "transition": false,
            "transitionStartedTime": 277.04629516601563,
            "fromGear": 4,
            "toGear": 3,
            "fromRatio": 1.190000057220459,
            "toRatio": 1.6100000143051147,
            "transitionRatio": 1.6100000143051147
          },
          "lastVelocity": {
            "x": 15.075078964233398,
            "y": -1.2665987014770508E-05,
            "z": 0.00050979322986677289
          }
        }
      },
      "velocityType": 2,
      "linkVelocity": 89.412765502929688,
      "constantVelocity": 54.476688385009766,
      "desiredVelocity": 54.476688385009766,
      "currentVelocity": 54.271244049072266,
      "viewCurrentVelocity": 0.0,
      "isCloseLoop": false,
      "isLaneChange": true,
      "isEgo": false,
      "spawnPointUniqueID": 4,
      "destinationUniqueID": 16,
      "startPointLinkInfo": {
        "linkIdx": "_12_2_L4_",
        "pointIdx": 7
      },
      "endPointLinkInfo": {
        "linkIdx": "_6_2_R4_",
        "pointIdx": 430
      },
      "currentLinkInfo": {
        "linkIdx": "_34_0_L4_",
        "pointIdx": 109
      },
      "loopStartLinkInfo": {
        "linkIdx": "",
        "pointIdx": 0
      },
      "v2vUDPSessionInfo": {
        "isInit": false,
        "v2vConfig": {
          "hostIP": "0.0.0.0",
          "Port": 5656,
          "receiveTimeout": 0,
          "BuffSize": 8196,
          "surroundVehiclePubTime": 100
        }
      },
      "latBiasMode": 1,
      "bias": -0.0039057827088981867,
      "destinationMode": 1,
      "vehicleModelType": 257
    },
    {
      "DataID": 30100007,
      "UNIQUEID": 1,
      "m_eobstacleObjType": 1,
      "initPosition": {
        "initPositionMode": "Absolute",
        "pos": {
          "x": -583.20501708984375,
          "y": -8.6669998168945313,
          "z": 6.36299991607666,
          "_x": "-583.205",
          "_y": "-8.667",
          "_z": "6.363"
        },
        "rot": {
          "roll": "0.001",
          "pitch": "0.286",
          "yaw": "0.001"
        },
        "initLink": "_0_1_R3_",
        "initLinkRatio": 0,
        "gear": 4,
        "vehicleSaveData": {
          "velocity": 54.6226921081543,
          "inputData": [
            0,
            2499,
            0,
            0,
            0,
            3,
            4,
            0,
            0,
            0
          ],
          "vehicle": {
            "time": 304.51119995117188,
            "lastVelocity": {
              "x": -15.171113967895508,
              "y": -1.4164202184474561E-05,
              "z": -0.00028634184855036438
            },
            "lastImpactTime": 0.0
          },
          "wheels": [
            {
              "L": 60.5982780456543,
              "Tr": -91.4765853881836,
              "contactDepth": 0.049282848834991455,
              "lastTireForce": {
                "x": 880.45355224609375,
                "y": 423.58456420898438
              }
            },
            {
              "L": 60.598342895507813,
              "Tr": -91.4752426147461,
              "contactDepth": 0.049310982227325439,
              "lastTireForce": {
                "x": -880.835205078125,
                "y": 423.58843994140625
              }
            },
            {
              "L": 59.319057464599609,
              "Tr": 0.3638424277305603,
              "contactDepth": 0.035600811243057251,
              "lastTireForce": {
                "x": 0.014288350939750671,
                "y": -1.0701247453689575
              }
            },
            {
              "L": 59.319072723388672,
              "Tr": 0.36390617489814758,
              "contactDepth": 0.035627841949462891,
              "lastTireForce": {
                "x": 0.0035699359141290188,
                "y": -1.0703122615814209
              }
            }
          ],
          "engine": {
            "L": 129.34112548828125,
            "Treaction": -84.569808959960938,
            "rpmLimiterActive": false,
            "rpmLimiterTime": 0.0,
            "tcsActivationTime": -1.0
          },
          "gearbox": {
            "L": 0.25620058178901672,
            "manualGear": 0,
            "manualRatio": 0.0,
            "engaged": false,
            "lastEngagedTime": 0.0,
            "lastAutoShiftTime": 0.0,
            "vehicleMoving": false,
            "gearMode": 4,
            "automaticGear": 3,
            "automaticRatio": 1.3710000514984131,
            "transition": false,
            "transitionStartedTime": 277.10626220703125,
            "fromGear": 4,
            "toGear": 3,
            "fromRatio": 1.190000057220459,
            "toRatio": 1.6100000143051147,
            "transitionRatio": 1.6100000143051147
          },
          "lastVelocity": {
            "x": -15.171113967895508,
            "y": -1.4164202184474561E-05,
            "z": -0.00028634184855036438
          }
        }
      },
      "velocityType": 2,
      "linkVelocity": 86.361137390136719,
      "constantVelocity": 58.004661560058594,
      "desiredVelocity": 58.004661560058594,
      "currentVelocity": 54.6226921081543,
      "viewCurrentVelocity": 0.0,
      "isCloseLoop": false,
      "isLaneChange": true,
      "isEgo": false,
      "spawnPointUniqueID": 2,
      "destinationUniqueID": 10,
      "startPointLinkInfo": {
        "linkIdx": "_6_2_L3_",
        "pointIdx": 3
      },
      "endPointLinkInfo": {
        "linkIdx": "_12_2_R3_",
        "pointIdx": 388
      },
      "currentLinkInfo": {
        "linkIdx": "_0_1_R3_",
        "pointIdx": 216
      },
      "loopStartLinkInfo": {
        "linkIdx": "",
        "pointIdx": 0
      },
      "v2vUDPSessionInfo": {
        "isInit": false,
        "v2vConfig": {
          "hostIP": "0.0.0.0",
          "Port": 5642,
          "receiveTimeout": 0,
          "BuffSize": 8196,
          "surroundVehiclePubTime": 100
        }
      },
      "latBiasMode": 1,
      "bias": -0.097808338701725,
      "destinationMode": 1,
      "vehicleModelType": 257
    },
    {
      "DataID": 30100011,
      "UNIQUEID": 13,
      "m_eobstacleObjType": 1,
      "initPosition": {
        "initPositionMode": "Absolute",
        "pos": {
          "x": 648.4749755859375,
          "y": 5.190000057220459,
          "z": 6.3429999351501465,
          "_x": "648.475",
          "_y": "5.190",
          "_z": "6.343"
        },
        "rot": {
          "roll": "0.000",
          "pitch": "0.392",
          "yaw": "179.999"
        },
        "initLink": "_0_3_L2_",
        "initLinkRatio": 0,
        "gear": 4,
        "vehicleSaveData": {
          "velocity": 63.046588897705078,
          "inputData": [
            0,
            2459,
            0,
            0,
            0,
            0,
            4,
            0,
            0,
            0
          ],
          "vehicle": {
            "time": 20.080268859863281,
            "lastVelocity": {
              "x": 17.51153564453125,
              "y": -1.1454409104771912E-05,
              "z": -0.00030511559452861547
            },
            "lastImpactTime": 0.0
          },
          "wheels": [
            {
              "L": 64.442352294921875,
              "Tr": -189.21075439453125,
              "contactDepth": 0.054251670837402344,
              "lastTireForce": {
                "x": 232.05764770507813,
                "y": 295.679931640625
              }
            },
            {
              "L": 64.442344665527344,
              "Tr": -189.21058654785156,
              "contactDepth": 0.054251194000244141,
              "lastTireForce": {
                "x": -232.16069030761719,
                "y": 295.68075561523438
              }
            },
            {
              "L": 64.442451477050781,
              "Tr": 0.25909423828125,
              "contactDepth": 0.035774797201156616,
              "lastTireForce": {
                "x": -0.035122111439704895,
                "y": -0.80966931581497192
              }
            },
            {
              "L": 64.442451477050781,
              "Tr": 0.25909423828125,
              "contactDepth": 0.035775274038314819,
              "lastTireForce": {
                "x": -0.035126399248838425,
                "y": -0.80966931581497192
              }
            }
          ],
          "engine": {
            "L": 0.0,
            "Treaction": 0.0,
            "rpmLimiterActive": false,
            "rpmLimiterTime": 0.0,
            "tcsActivationTime": 0.0
          },
          "gearbox": {
            "L": 0.0,
            "manualGear": 0,
            "manualRatio": 0.0,
            "engaged": false,
            "lastEngagedTime": 0.0,
            "lastAutoShiftTime": 0.0,
            "vehicleMoving": false,
            "gearMode": 0,
            "automaticGear": 0,
            "automaticRatio": 0.0,
            "transition": false,
            "transitionStartedTime": 0.0,
            "fromGear": 0,
            "toGear": 0,
            "fromRatio": 0.0,
            "toRatio": 0.0,
            "transitionRatio": 0.0
          },
          "lastVelocity": {
            "x": 17.51153564453125,
            "y": -1.1454409104771912E-05,
            "z": -0.00030511559452861547
          }
        }
      },
      "velocityType": 2,
      "linkVelocity": 97.4404296875,
      "constantVelocity": 64.765701293945313,
      "desiredVelocity": 64.765701293945313,
      "currentVelocity": 63.046588897705078,
      "viewCurrentVelocity": 0.0,
      "isCloseLoop": false,
      "isLaneChange": true,
      "isEgo": false,
      "spawnPointUniqueID": 8,
      "destinationUniqueID": 14,
      "startPointLinkInfo": {
        "linkIdx": "_12_2_L2_",
        "pointIdx": 5
      },
      "endPointLinkInfo": {
        "linkIdx": "_6_2_R2_",
        "pointIdx": 420
      },
      "currentLinkInfo": {
        "linkIdx": "_0_3_L2_",
        "pointIdx": 99
      },
      "loopStartLinkInfo": {
        "linkIdx": "",
        "pointIdx": 0
      },
      "v2vUDPSessionInfo": {
        "isInit": false,
        "v2vConfig": {
          "hostIP": "0.0.0.0",
          "Port": 5654,
          "receiveTimeout": 0,
          "BuffSize": 8196,
          "surroundVehiclePubTime": 100
        }
      },
      "latBiasMode": 1,
      "bias": -0.068252414464950562,
      "destinationMode": 1,
      "vehicleModelType": 257
    },
    {
      "DataID": 30100007,
      "UNIQUEID": 11,
      "m_eobstacleObjType": 1,
      "initPosition": {
        "initPositionMode": "Absolute",
        "pos": {
          "x": -628.88397216796875,
          "y": -1.74399995803833,
          "z": 6.36299991607666,
          "_x": "-628.884",
          "_y": "-1.744",
          "_z": "6.363"
        },
        "rot": {
          "roll": "0.001",
          "pitch": "0.288",
          "yaw": "0.000"
        },
        "initLink": "_0_1_R1_",
        "initLinkRatio": 0,
        "gear": 4,
        "vehicleSaveData": {
          "velocity": 56.013870239257813,
          "inputData": [
            0,
            2607,
            0,
            0,
            0,
            4,
            4,
            0,
            0,
            0
          ],
          "vehicle": {
            "time": 299.67385864257813,
            "lastVelocity": {
              "x": -15.558343887329102,
              "y": -1.4506764273392037E-05,
              "z": -1.1448358236521017E-05
            },
            "lastImpactTime": 0.0
          },
          "wheels": [
            {
              "L": 62.035003662109375,
              "Tr": -87.96746826171875,
              "contactDepth": 0.049316853284835815,
              "lastTireForce": {
                "x": 913.0189208984375,
                "y": 395.44985961914063
              }
            },
            {
              "L": 62.035011291503906,
              "Tr": -87.968193054199219,
              "contactDepth": 0.049343705177307129,
              "lastTireForce": {
                "x": -912.967041015625,
                "y": 395.45236206054688
              }
            },
            {
              "L": 60.833114624023438,
              "Tr": 0.20852451026439667,
              "contactDepth": 0.035566002130508423,
              "lastTireForce": {
                "x": 0.12542533874511719,
                "y": -0.61330723762512207
              }
            },
            {
              "L": 60.8331298828125,
              "Tr": 0.20844991505146027,
              "contactDepth": 0.035594135522842407,
              "lastTireForce": {
                "x": 0.12552034854888916,
                "y": -0.61308795213699341
              }
            }
          ],
          "engine": {
            "L": 115.00146484375,
            "Treaction": -83.697074890136719,
            "rpmLimiterActive": false,
            "rpmLimiterTime": 0.0,
            "tcsActivationTime": -1.0
          },
          "gearbox": {
            "L": 0.22805285453796387,
            "manualGear": 0,
            "manualRatio": 0.0,
            "engaged": false,
            "lastEngagedTime": 0.0,
            "lastAutoShiftTime": 0.0,
            "vehicleMoving": false,
            "gearMode": 4,
            "automaticGear": 4,
            "automaticRatio": 1.190000057220459,
            "transition": false,
            "transitionStartedTime": 274.12789916992188,
            "fromGear": 5,
            "toGear": 4,
            "fromRatio": 1.0,
            "toRatio": 1.190000057220459,
            "transitionRatio": 1.190000057220459
          },
          "lastVelocity": {
            "x": -15.558343887329102,
            "y": -1.4506764273392037E-05,
            "z": -1.1448358236521017E-05
          }
        }
      },
      "velocityType": 2,
      "linkVelocity": 94.111534118652344,
      "constantVelocity": 57.166816711425781,
      "desiredVelocity": 57.166816711425781,
      "currentVelocity": 56.013870239257813,
      "viewCurrentVelocity": 0.0,
      "isCloseLoop": false,
      "isLaneChange": true,
      "isEgo": false,
      "spawnPointUniqueID": 6,
      "destinationUniqueID": 12,
      "startPointLinkInfo": {
        "linkIdx": "_6_2_L1_",
        "pointIdx": 4
      },
      "endPointLinkInfo": {
        "linkIdx": "_12_2_R1_",
        "pointIdx": 393
      },
      "currentLinkInfo": {
        "linkIdx": "_0_1_R1_",
        "pointIdx": 125
      },
      "loopStartLinkInfo": {
        "linkIdx": "",
        "pointIdx": 0
      },
      "v2vUDPSessionInfo": {
        "isInit": false,
        "v2vConfig": {
          "hostIP": "0.0.0.0",
          "Port": 5652,
          "receiveTimeout": 0,
          "BuffSize": 8196,
          "surroundVehiclePubTime": 100
        }
      },
      "latBiasMode": 1,
      "bias": -0.0074198818765580654,
      "destinationMode": 1,
      "vehicleModelType": 257
    }
  ],
  "pedestrianList": [],
  "objectList": [],
  "spawnPointList": [
    {
      "DataID": 90100001,
      "UNIQUEID": 2,
      "m_eobstacleObjType": 5,
      "pos": {
        "x": -994.01300048828125,
        "y": -7.3639998435974121,
        "z": 6.0,
        "_x": "-994.013",
        "_y": "-7.364",
        "_z": "6.000"
      },
      "rot": {
        "roll": "0.000",
        "pitch": "0.000",
        "yaw": "-0.543"
      },
      "scale": {
        "x": 1.0,
        "y": 1.0,
        "z": 1.0,
        "_x": "1.000",
        "_y": "1.000",
        "_z": "1.000"
      },
      "spawnVehicleTypeID": -1,
      "listVehicleLengthType": [
        2
      ],
      "isCloseLoop": false,
      "isLaneChange": true,
      "ParameterType": 1,
      "maximumSpawnVehicle": 10,
      "minSpawnPeriod": 5.0,
      "maxSpawnPeriod": 10.0,
      "SpawnVelocityType": 2,
      "MinSpawnVelocity_Custom": 50.0,
      "MaxSpawnVelocity_Custom": 55.0,
      "MinSpawnVelocity_Link": 0.0,
      "MaxSpawnVelocity_Link": 10.0,
      "DesiredVelocityType": 2,
      "MinDesiredVelocity_Custom": 50.0,
      "MaxDesiredVelocity_Custom": 60.0,
      "MinDesiredVelocity_Link": 85.0,
      "MaxDesiredVelocity_Link": 100.0,
      "spawnedVehiclesCount": 4,
      "isSpawning": false,
      "waitSpawnTime": 3.4500217437744141,
      "destinationObjUniqueID": 3,
      "startLinkInfo": {
        "linkIdx": "_6_2_L3_",
        "pointIdx": 3
      },
      "endLinkInfo": {
        "linkIdx": "_12_2_R3_",
        "pointIdx": 388
      },
      "latBiasMode": 1,
      "MinLatBias": -10.0,
      "MaxLatBias": 10.0,
      "DestinationMode": 1,
      "NPCSpawnType": 1,
      "SafetyDist": 5.0,
      "TTC": 1.0,
      "sPAWNPOINT_SETTING_MODE": 1,
      "rANDOMPOINT_LIFE_MODE": 1
    },
    {
      "DataID": 90100001,
      "UNIQUEID": 4,
      "m_eobstacleObjType": 5,
      "pos": {
        "x": 991.2659912109375,
        "y": 12.416000366210938,
        "z": 6.0,
        "_x": "991.266",
        "_y": "12.416",
        "_z": "6.000"
      },
      "rot": {
        "roll": "0.000",
        "pitch": "0.000",
        "yaw": "-179.934"
      },
      "scale": {
        "x": 1.0,
        "y": 1.0,
        "z": 1.0,
        "_x": "1.000",
        "_y": "1.000",
        "_z": "1.000"
      },
      "spawnVehicleTypeID": -1,
      "listVehicleLengthType": [
        2
      ],
      "isCloseLoop": false,
      "isLaneChange": true,
      "ParameterType": 1,
      "maximumSpawnVehicle": 10,
      "minSpawnPeriod": 5.0,
      "maxSpawnPeriod": 15.0,
      "SpawnVelocityType": 2,
      "MinSpawnVelocity_Custom": 50.0,
      "MaxSpawnVelocity_Custom": 55.0,
      "MinSpawnVelocity_Link": 0.0,
      "MaxSpawnVelocity_Link": 10.0,
      "DesiredVelocityType": 2,
      "MinDesiredVelocity_Custom": 50.0,
      "MaxDesiredVelocity_Custom": 60.0,
      "MinDesiredVelocity_Link": 85.0,
      "MaxDesiredVelocity_Link": 100.0,
      "spawnedVehiclesCount": 2,
      "isSpawning": false,
      "waitSpawnTime": 4.0124969482421875,
      "destinationObjUniqueID": 5,
      "startLinkInfo": {
        "linkIdx": "_12_2_L4_",
        "pointIdx": 7
      },
      "endLinkInfo": {
        "linkIdx": "_6_2_R4_",
        "pointIdx": 430
      },
      "latBiasMode": 1,
      "MinLatBias": -10.0,
      "MaxLatBias": 10.0,
      "DestinationMode": 1,
      "NPCSpawnType": 1,
      "SafetyDist": 5.0,
      "TTC": 1.0,
      "sPAWNPOINT_SETTING_MODE": 1,
      "rANDOMPOINT_LIFE_MODE": 1
    },
    {
      "DataID": 90100001,
      "UNIQUEID": 6,
      "m_eobstacleObjType": 5,
      "pos": {
        "x": -993.447021484375,
        "y": -0.36899998784065247,
        "z": 6.0,
        "_x": "-993.447",
        "_y": "-0.369",
        "_z": "6.000"
      },
      "rot": {
        "roll": "0.000",
        "pitch": "0.000",
        "yaw": "-0.543"
      },
      "scale": {
        "x": 1.0,
        "y": 1.0,
        "z": 1.0,
        "_x": "1.000",
        "_y": "1.000",
        "_z": "1.000"
      },
      "spawnVehicleTypeID": -1,
      "listVehicleLengthType": [
        2
      ],
      "isCloseLoop": false,
      "isLaneChange": true,
      "ParameterType": 1,
      "maximumSpawnVehicle": 15,
      "minSpawnPeriod": 5.0,
      "maxSpawnPeriod": 10.0,
      "SpawnVelocityType": 2,
      "MinSpawnVelocity_Custom": 55.0,
      "MaxSpawnVelocity_Custom": 60.0,
      "MinSpawnVelocity_Link": 0.0,
      "MaxSpawnVelocity_Link": 10.0,
      "DesiredVelocityType": 2,
      "MinDesiredVelocity_Custom": 55.0,
      "MaxDesiredVelocity_Custom": 65.0,
      "MinDesiredVelocity_Link": 85.0,
      "MaxDesiredVelocity_Link": 100.0,
      "spawnedVehiclesCount": 4,
      "isSpawning": false,
      "waitSpawnTime": 4.4676671028137207,
      "destinationObjUniqueID": 7,
      "startLinkInfo": {
        "linkIdx": "_6_2_L1_",
        "pointIdx": 4
      },
      "endLinkInfo": {
        "linkIdx": "_12_2_R1_",
        "pointIdx": 393
      },
      "latBiasMode": 1,
      "MinLatBias": -10.0,
      "MaxLatBias": 10.0,
      "DestinationMode": 1,
      "NPCSpawnType": 1,
      "SafetyDist": 5.0,
      "TTC": 1.0,
      "sPAWNPOINT_SETTING_MODE": 1,
      "rANDOMPOINT_LIFE_MODE": 0
    },
    {
      "DataID": 90100001,
      "UNIQUEID": 8,
      "m_eobstacleObjType": 5,
      "pos": {
        "x": 992.27398681640625,
        "y": 5.4169998168945313,
        "z": 6.0,
        "_x": "992.274",
        "_y": "5.417",
        "_z": "6.000"
      },
      "rot": {
        "roll": "0.000",
        "pitch": "0.000",
        "yaw": "-179.934"
      },
      "scale": {
        "x": 1.0,
        "y": 1.0,
        "z": 1.0,
        "_x": "1.000",
        "_y": "1.000",
        "_z": "1.000"
      },
      "spawnVehicleTypeID": -1,
      "listVehicleLengthType": [
        2
      ],
      "isCloseLoop": false,
      "isLaneChange": true,
      "ParameterType": 1,
      "maximumSpawnVehicle": 15,
      "minSpawnPeriod": 5.0,
      "maxSpawnPeriod": 15.0,
      "SpawnVelocityType": 2,
      "MinSpawnVelocity_Custom": 55.0,
      "MaxSpawnVelocity_Custom": 60.0,
      "MinSpawnVelocity_Link": 0.0,
      "MaxSpawnVelocity_Link": 10.0,
      "DesiredVelocityType": 2,
      "MinDesiredVelocity_Custom": 55.0,
      "MaxDesiredVelocity_Custom": 65.0,
      "MinDesiredVelocity_Link": 85.0,
      "MaxDesiredVelocity_Link": 100.0,
      "spawnedVehiclesCount": 2,
      "isSpawning": false,
      "waitSpawnTime": 5.4281725883483887,
      "destinationObjUniqueID": 9,
      "startLinkInfo": {
        "linkIdx": "_12_2_L2_",
        "pointIdx": 5
      },
      "endLinkInfo": {
        "linkIdx": "_6_2_R2_",
        "pointIdx": 420
      },
      "latBiasMode": 1,
      "MinLatBias": -10.0,
      "MaxLatBias": 10.0,
      "DestinationMode": 1,
      "NPCSpawnType": 1,
      "SafetyDist": 5.0,
      "TTC": 1.0,
      "sPAWNPOINT_SETTING_MODE": 1,
      "rANDOMPOINT_LIFE_MODE": 0
    }
  ],
  "tlList": [],
  "mapInfo": {
    "mapName": "V_RHT_HighwayJunction_1",
    "eastOffset": 0.0,
    "northOffset": 0.0,
    "globalCoordinateSystem": "WGS84_1",
    "scenarioCoordinateSystem": "ENU"
  },
  "v2IInfo": {
    "isAlive": false,
    "acceptIp": "127.0.0.1",
    "acceptPort": 5000,
    "v2vIP": "127.0.0.1"
  },
  "pedspawnPointList": [],
  "aiPedstrianList": [],
  "shadedAreaList": [],
  "frictionChangeMaterialList": []
}