{
  "version": 1.0,
  "egoVehicle": {
    "DataID": 20200003,
    "UNIQUEID": -1,
    "m_eobstacleObjType": 0,
    "initPosition": {
      "initPositionMode": "Absolute",
      "pos": {
        "x": 15.552000045776367,
        "y": 1103.54296875,
        "z": -0.33100000023841858,
        "_x": "15.552",
        "_y": "1,103.543",
        "_z": "-0.331"
      },
      "rot": {
        "roll": "-359.610",
        "pitch": "0.345",
        "yaw": "60.033"
      },
      "initLink": "",
      "initLinkRatio": 0,
      "gear": 1,
      "vehicleSaveData": {
        "velocity": 8.7960688688326627E-06,
        "inputData": [
          0,
          0,
          0,
          10000,
          10000,
          0,
          1,
          0,
          0,
          0
        ],
        "vehicle": {
          "time": 331.45639038085938,
          "lastVelocity": {
            "x": -5.5273267207667232E-07,
            "y": -2.8667454898823053E-06,
            "z": 8.149072527885437E-07
          },
          "lastImpactTime": 0.0
        },
        "wheels": [
          {
            "L": -1.8097928204952041E-06,
            "Tr": 9.166580275632441E-05,
            "contactDepth": 0.050713688135147095,
            "lastTireForce": {
              "x": -4.181485652923584,
              "y": -0.00027777513605542481
            }
          },
          {
            "L": 1.8412168856229982E-06,
            "Tr": 9.16090066311881E-05,
            "contactDepth": 0.051628708839416504,
            "lastTireForce": {
              "x": -85.573150634765625,
              "y": -0.00027760301600210369
            }
          },
          {
            "L": -3.4501676879807183E-17,
            "Tr": 0.0,
            "contactDepth": 0.034672468900680542,
            "lastTireForce": {
              "x": -4.8890929222106934,
              "y": 1.7525495290756226
            }
          },
          {
            "L": 2.7546133484530487E-17,
            "Tr": 0.0,
            "contactDepth": 0.03419572114944458,
            "lastTireForce": {
              "x": -30.929702758789063,
              "y": -4.0881786346435547
            }
          }
        ],
        "engine": {
          "L": 39.2699089050293,
          "Treaction": -28.470832824707031,
          "rpmLimiterActive": false,
          "rpmLimiterTime": 0.0,
          "tcsActivationTime": -1.0
        },
        "gearbox": {
          "L": 0.032988898456096649,
          "manualGear": 0,
          "manualRatio": 0.0,
          "engaged": false,
          "lastEngagedTime": 0.0,
          "lastAutoShiftTime": 0.0,
          "vehicleMoving": false,
          "gearMode": 1,
          "automaticGear": 0,
          "automaticRatio": 3.6649999618530273,
          "transition": false,
          "transitionStartedTime": 325.95941162109375,
          "fromGear": 2,
          "toGear": 1,
          "fromRatio": 2.3959999084472656,
          "toRatio": 3.6649999618530273,
          "transitionRatio": 3.6649999618530273
        },
        "lastVelocity": {
          "x": -5.5273267207667232E-07,
          "y": -2.8667454898823053E-06,
          "z": 8.149072527885437E-07
        }
      }
    },
    "currentVelocity": 8.7960688688326627E-06,
    "v2vUDPSessionInfo": {
      "isInit": false,
      "v2vConfig": {
        "hostIP": "0.0.0.0",
        "Port": 5641,
        "receiveTimeout": 0,
        "BuffSize": 8196,
        "surroundVehiclePubTime": 100
      }
    },
    "beforeControlMode": 0,
    "currentControlMode": 1
  },
  "vehicleList": [],
  "pedestrianList": [],
  "objectList": [],
  "spawnPointList": [
    {
      "DataID": 90100001,
      "UNIQUEID": 10,
      "m_eobstacleObjType": 5,
      "pos": {
        "x": 118.31800079345703,
        "y": 1608.262939453125,
        "z": -0.38199999928474426,
        "_x": "118.318",
        "_y": "1,608.263",
        "_z": "-0.382"
      },
      "rot": {
        "roll": "0.000",
        "pitch": "359.949",
        "yaw": "-0.210"
      },
      "scale": {
        "x": 1.0,
        "y": 1.0,
        "z": 1.0,
        "_x": "1.000",
        "_y": "1.000",
        "_z": "1.000"
      },
      "spawnVehicleTypeID": -1,
      "listVehicleLengthType": [
        2
      ],
      "isCloseLoop": false,
      "isLaneChange": true,
      "ParameterType": 1,
      "maximumSpawnVehicle": 3,
      "minSpawnPeriod": 10.0,
      "maxSpawnPeriod": 15.0,
      "SpawnVelocityType": 1,
      "MinSpawnVelocity_Custom": 0.0,
      "MaxSpawnVelocity_Custom": 20.0,
      "MinSpawnVelocity_Link": 0.0,
      "MaxSpawnVelocity_Link": 0.0,
      "DesiredVelocityType": 2,
      "MinDesiredVelocity_Custom": 50.0,
      "MaxDesiredVelocity_Custom": 60.0,
      "MinDesiredVelocity_Link": 85.0,
      "MaxDesiredVelocity_Link": 100.0,
      "spawnedVehiclesCount": 0,
      "isSpawning": false,
      "waitSpawnTime": 11.279396057128906,
      "destinationObjUniqueID": 11,
      "startLinkInfo": {
        "linkIdx": "A219BS010430",
        "pointIdx": 139
      },
      "endLinkInfo": {
        "linkIdx": "A219BS010479",
        "pointIdx": 35
      },
      "latBiasMode": 1,
      "MinLatBias": -10.0,
      "MaxLatBias": 10.0,
      "DestinationMode": 1,
      "NPCSpawnType": 1,
      "SafetyDist": 5.0,
      "TTC": 1.0,
      "sPAWNPOINT_SETTING_MODE": 1,
      "rANDOMPOINT_LIFE_MODE": 1
    },
    {
      "DataID": 90100001,
      "UNIQUEID": 2,
      "m_eobstacleObjType": 5,
      "pos": {
        "x": 13.02400016784668,
        "y": 1203.177001953125,
        "z": -0.640999972820282,
        "_x": "13.024",
        "_y": "1,203.177",
        "_z": "-0.641"
      },
      "rot": {
        "roll": "0.000",
        "pitch": "359.978",
        "yaw": "61.153"
      },
      "scale": {
        "x": 1.0,
        "y": 1.0,
        "z": 1.0,
        "_x": "1.000",
        "_y": "1.000",
        "_z": "1.000"
      },
      "spawnVehicleTypeID": -1,
      "listVehicleLengthType": [
        2
      ],
      "isCloseLoop": true,
      "isLaneChange": false,
      "ParameterType": 1,
      "maximumSpawnVehicle": 3,
      "minSpawnPeriod": 5.0,
      "maxSpawnPeriod": 10.0,
      "SpawnVelocityType": 2,
      "MinSpawnVelocity_Custom": 0.0,
      "MaxSpawnVelocity_Custom": 0.0,
      "MinSpawnVelocity_Link": 0.0,
      "MaxSpawnVelocity_Link": 10.0,
      "DesiredVelocityType": 2,
      "MinDesiredVelocity_Custom": 30.0,
      "MaxDesiredVelocity_Custom": 30.0,
      "MinDesiredVelocity_Link": 85.0,
      "MaxDesiredVelocity_Link": 100.0,
      "spawnedVehiclesCount": 0,
      "isSpawning": false,
      "waitSpawnTime": 7.3626961708068848,
      "destinationObjUniqueID": -1,
      "startLinkInfo": {
        "linkIdx": "A219BS010385",
        "pointIdx": 119
      },
      "endLinkInfo": {
        "linkIdx": "",
        "pointIdx": 0
      },
      "latBiasMode": 1,
      "MinLatBias": 0.0,
      "MaxLatBias": 0.0,
      "DestinationMode": 1,
      "NPCSpawnType": 1,
      "SafetyDist": 5.0,
      "TTC": 1.0,
      "sPAWNPOINT_SETTING_MODE": 1,
      "rANDOMPOINT_LIFE_MODE": 0
    },
    {
      "DataID": 90100001,
      "UNIQUEID": 3,
      "m_eobstacleObjType": 5,
      "pos": {
        "x": 37.340999603271484,
        "y": 1246.9010009765625,
        "z": -0.7160000205039978,
        "_x": "37.341",
        "_y": "1,246.901",
        "_z": "-0.716"
      },
      "rot": {
        "roll": "0.000",
        "pitch": "359.936",
        "yaw": "60.300"
      },
      "scale": {
        "x": 1.0,
        "y": 1.0,
        "z": 1.0,
        "_x": "1.000",
        "_y": "1.000",
        "_z": "1.000"
      },
      "spawnVehicleTypeID": -1,
      "listVehicleLengthType": [
        2
      ],
      "isCloseLoop": true,
      "isLaneChange": false,
      "ParameterType": 1,
      "maximumSpawnVehicle": 5,
      "minSpawnPeriod": 5.0,
      "maxSpawnPeriod": 10.0,
      "SpawnVelocityType": 1,
      "MinSpawnVelocity_Custom": 0.0,
      "MaxSpawnVelocity_Custom": 20.0,
      "MinSpawnVelocity_Link": 0.0,
      "MaxSpawnVelocity_Link": 0.0,
      "DesiredVelocityType": 2,
      "MinDesiredVelocity_Custom": 30.0,
      "MaxDesiredVelocity_Custom": 30.0,
      "MinDesiredVelocity_Link": 85.0,
      "MaxDesiredVelocity_Link": 100.0,
      "spawnedVehiclesCount": 0,
      "isSpawning": false,
      "waitSpawnTime": 9.459446907043457,
      "destinationObjUniqueID": -1,
      "startLinkInfo": {
        "linkIdx": "A219BS010387",
        "pointIdx": 27
      },
      "endLinkInfo": {
        "linkIdx": "",
        "pointIdx": 0
      },
      "latBiasMode": 1,
      "MinLatBias": -10.0,
      "MaxLatBias": 10.0,
      "DestinationMode": 1,
      "NPCSpawnType": 1,
      "SafetyDist": 5.0,
      "TTC": 1.0,
      "sPAWNPOINT_SETTING_MODE": 1,
      "rANDOMPOINT_LIFE_MODE": 0
    },
    {
      "DataID": 90100001,
      "UNIQUEID": 4,
      "m_eobstacleObjType": 5,
      "pos": {
        "x": 181.781005859375,
        "y": 1519.7850341796875,
        "z": -0.39599999785423279,
        "_x": "181.781",
        "_y": "1,519.785",
        "_z": "-0.396"
      },
      "rot": {
        "roll": "0.000",
        "pitch": "359.911",
        "yaw": "-89.647"
      },
      "scale": {
        "x": 1.0,
        "y": 1.0,
        "z": 1.0,
        "_x": "1.000",
        "_y": "1.000",
        "_z": "1.000"
      },
      "spawnVehicleTypeID": -1,
      "listVehicleLengthType": [
        2
      ],
      "isCloseLoop": false,
      "isLaneChange": false,
      "ParameterType": 1,
      "maximumSpawnVehicle": 3,
      "minSpawnPeriod": 10.0,
      "maxSpawnPeriod": 15.0,
      "SpawnVelocityType": 1,
      "MinSpawnVelocity_Custom": 0.0,
      "MaxSpawnVelocity_Custom": 20.0,
      "MinSpawnVelocity_Link": 0.0,
      "MaxSpawnVelocity_Link": 0.0,
      "DesiredVelocityType": 2,
      "MinDesiredVelocity_Custom": 50.0,
      "MaxDesiredVelocity_Custom": 60.0,
      "MinDesiredVelocity_Link": 85.0,
      "MaxDesiredVelocity_Link": 100.0,
      "spawnedVehiclesCount": 0,
      "isSpawning": false,
      "waitSpawnTime": 11.210300445556641,
      "destinationObjUniqueID": 5,
      "startLinkInfo": {
        "linkIdx": "LN000000",
        "pointIdx": 235
      },
      "endLinkInfo": {
        "linkIdx": "A219BS010097",
        "pointIdx": 29
      },
      "latBiasMode": 1,
      "MinLatBias": -10.0,
      "MaxLatBias": 10.0,
      "DestinationMode": 1,
      "NPCSpawnType": 1,
      "SafetyDist": 5.0,
      "TTC": 1.0,
      "sPAWNPOINT_SETTING_MODE": 1,
      "rANDOMPOINT_LIFE_MODE": 0
    },
    {
      "DataID": 90100001,
      "UNIQUEID": 6,
      "m_eobstacleObjType": 5,
      "pos": {
        "x": 138.01400756835938,
        "y": 1628.75,
        "z": -0.421999990940094,
        "_x": "138.014",
        "_y": "1,628.750",
        "_z": "-0.422"
      },
      "rot": {
        "roll": "0.000",
        "pitch": "359.661",
        "yaw": "93.420"
      },
      "scale": {
        "x": 1.0,
        "y": 1.0,
        "z": 1.0,
        "_x": "1.000",
        "_y": "1.000",
        "_z": "1.000"
      },
      "spawnVehicleTypeID": -1,
      "listVehicleLengthType": [
        2
      ],
      "isCloseLoop": false,
      "isLaneChange": false,
      "ParameterType": 1,
      "maximumSpawnVehicle": 3,
      "minSpawnPeriod": 5.0,
      "maxSpawnPeriod": 10.0,
      "SpawnVelocityType": 1,
      "MinSpawnVelocity_Custom": 0.0,
      "MaxSpawnVelocity_Custom": 20.0,
      "MinSpawnVelocity_Link": 0.0,
      "MaxSpawnVelocity_Link": 0.0,
      "DesiredVelocityType": 2,
      "MinDesiredVelocity_Custom": 50.0,
      "MaxDesiredVelocity_Custom": 60.0,
      "MinDesiredVelocity_Link": 85.0,
      "MaxDesiredVelocity_Link": 100.0,
      "spawnedVehiclesCount": 0,
      "isSpawning": false,
      "waitSpawnTime": 5.7736549377441406,
      "destinationObjUniqueID": 7,
      "startLinkInfo": {
        "linkIdx": "A219BS010073",
        "pointIdx": 23
      },
      "endLinkInfo": {
        "linkIdx": "A219BS010436",
        "pointIdx": 511
      },
      "latBiasMode": 1,
      "MinLatBias": -10.0,
      "MaxLatBias": 10.0,
      "DestinationMode": 1,
      "NPCSpawnType": 1,
      "SafetyDist": 5.0,
      "TTC": 1.0,
      "sPAWNPOINT_SETTING_MODE": 1,
      "rANDOMPOINT_LIFE_MODE": 0
    },
    {
      "DataID": 90100001,
      "UNIQUEID": 8,
      "m_eobstacleObjType": 5,
      "pos": {
        "x": 63.064998626708984,
        "y": 1146.9110107421875,
        "z": -0.7369999885559082,
        "_x": "63.065",
        "_y": "1,146.911",
        "_z": "-0.737"
      },
      "rot": {
        "roll": "0.000",
        "pitch": "359.987",
        "yaw": "151.012"
      },
      "scale": {
        "x": 1.0,
        "y": 1.0,
        "z": 1.0,
        "_x": "1.000",
        "_y": "1.000",
        "_z": "1.000"
      },
      "spawnVehicleTypeID": -1,
      "listVehicleLengthType": [
        2
      ],
      "isCloseLoop": false,
      "isLaneChange": true,
      "ParameterType": 1,
      "maximumSpawnVehicle": 5,
      "minSpawnPeriod": 10.0,
      "maxSpawnPeriod": 15.0,
      "SpawnVelocityType": 1,
      "MinSpawnVelocity_Custom": 0.0,
      "MaxSpawnVelocity_Custom": 20.0,
      "MinSpawnVelocity_Link": 0.0,
      "MaxSpawnVelocity_Link": 0.0,
      "DesiredVelocityType": 2,
      "MinDesiredVelocity_Custom": 50.0,
      "MaxDesiredVelocity_Custom": 60.0,
      "MinDesiredVelocity_Link": 85.0,
      "MaxDesiredVelocity_Link": 100.0,
      "spawnedVehiclesCount": 0,
      "isSpawning": false,
      "waitSpawnTime": 10.216792106628418,
      "destinationObjUniqueID": 9,
      "startLinkInfo": {
        "linkIdx": "A219BS010399",
        "pointIdx": 26
      },
      "endLinkInfo": {
        "linkIdx": "LN000000",
        "pointIdx": 49
      },
      "latBiasMode": 1,
      "MinLatBias": -10.0,
      "MaxLatBias": 10.0,
      "DestinationMode": 1,
      "NPCSpawnType": 1,
      "SafetyDist": 5.0,
      "TTC": 1.0,
      "sPAWNPOINT_SETTING_MODE": 1,
      "rANDOMPOINT_LIFE_MODE": 0
    },
    {
      "DataID": 90100001,
      "UNIQUEID": 12,
      "m_eobstacleObjType": 5,
      "pos": {
        "x": 211.66099548339844,
        "y": 1754.41796875,
        "z": -0.52700001001358032,
        "_x": "211.661",
        "_y": "1,754.418",
        "_z": "-0.527"
      },
      "rot": {
        "roll": "0.000",
        "pitch": "359.924",
        "yaw": "-89.767"
      },
      "scale": {
        "x": 1.0,
        "y": 1.0,
        "z": 1.0,
        "_x": "1.000",
        "_y": "1.000",
        "_z": "1.000"
      },
      "spawnVehicleTypeID": -1,
      "listVehicleLengthType": [
        2
      ],
      "isCloseLoop": false,
      "isLaneChange": true,
      "ParameterType": 1,
      "maximumSpawnVehicle": 8,
      "minSpawnPeriod": 5.0,
      "maxSpawnPeriod": 10.0,
      "SpawnVelocityType": 1,
      "MinSpawnVelocity_Custom": 0.0,
      "MaxSpawnVelocity_Custom": 20.0,
      "MinSpawnVelocity_Link": 30.0,
      "MaxSpawnVelocity_Link": 30.0,
      "DesiredVelocityType": 2,
      "MinDesiredVelocity_Custom": 70.0,
      "MaxDesiredVelocity_Custom": 70.0,
      "MinDesiredVelocity_Link": 85.0,
      "MaxDesiredVelocity_Link": 100.0,
      "spawnedVehiclesCount": 0,
      "isSpawning": false,
      "waitSpawnTime": 9.62104606628418,
      "destinationObjUniqueID": 13,
      "startLinkInfo": {
        "linkIdx": "A219BS010313",
        "pointIdx": 27
      },
      "endLinkInfo": {
        "linkIdx": "A219BS010112",
        "pointIdx": 25
      },
      "latBiasMode": 1,
      "MinLatBias": -10.0,
      "MaxLatBias": 10.0,
      "DestinationMode": 1,
      "NPCSpawnType": 1,
      "SafetyDist": 5.0,
      "TTC": 1.0,
      "sPAWNPOINT_SETTING_MODE": 1,
      "rANDOMPOINT_LIFE_MODE": 0
    },
    {
      "DataID": 90100001,
      "UNIQUEID": 14,
      "m_eobstacleObjType": 5,
      "pos": {
        "x": 208.16200256347656,
        "y": 1754.9019775390625,
        "z": -0.5339999794960022,
        "_x": "208.162",
        "_y": "1,754.902",
        "_z": "-0.534"
      },
      "rot": {
        "roll": "0.000",
        "pitch": "359.933",
        "yaw": "-89.830"
      },
      "scale": {
        "x": 1.0,
        "y": 1.0,
        "z": 1.0,
        "_x": "1.000",
        "_y": "1.000",
        "_z": "1.000"
      },
      "spawnVehicleTypeID": -1,
      "listVehicleLengthType": [
        2
      ],
      "isCloseLoop": false,
      "isLaneChange": true,
      "ParameterType": 1,
      "maximumSpawnVehicle": 8,
      "minSpawnPeriod": 5.0,
      "maxSpawnPeriod": 10.0,
      "SpawnVelocityType": 1,
      "MinSpawnVelocity_Custom": 0.0,
      "MaxSpawnVelocity_Custom": 20.0,
      "MinSpawnVelocity_Link": 20.0,
      "MaxSpawnVelocity_Link": 20.0,
      "DesiredVelocityType": 2,
      "MinDesiredVelocity_Custom": 60.0,
      "MaxDesiredVelocity_Custom": 60.0,
      "MinDesiredVelocity_Link": 85.0,
      "MaxDesiredVelocity_Link": 100.0,
      "spawnedVehiclesCount": 0,
      "isSpawning": false,
      "waitSpawnTime": 8.7941818237304688,
      "destinationObjUniqueID": 15,
      "startLinkInfo": {
        "linkIdx": "A219BS010312",
        "pointIdx": 26
      },
      "endLinkInfo": {
        "linkIdx": "A219BS010110",
        "pointIdx": 34
      },
      "latBiasMode": 1,
      "MinLatBias": -10.0,
      "MaxLatBias": 10.0,
      "DestinationMode": 1,
      "NPCSpawnType": 1,
      "SafetyDist": 5.0,
      "TTC": 1.0,
      "sPAWNPOINT_SETTING_MODE": 1,
      "rANDOMPOINT_LIFE_MODE": 0
    },
    {
      "DataID": 90100001,
      "UNIQUEID": 16,
      "m_eobstacleObjType": 5,
      "pos": {
        "x": 201.00799560546875,
        "y": 1754.8719482421875,
        "z": -0.55099999904632568,
        "_x": "201.008",
        "_y": "1,754.872",
        "_z": "-0.551"
      },
      "rot": {
        "roll": "0.000",
        "pitch": "0.038",
        "yaw": "-89.741"
      },
      "scale": {
        "x": 1.0,
        "y": 1.0,
        "z": 1.0,
        "_x": "1.000",
        "_y": "1.000",
        "_z": "1.000"
      },
      "spawnVehicleTypeID": -1,
      "listVehicleLengthType": [
        2
      ],
      "isCloseLoop": false,
      "isLaneChange": true,
      "ParameterType": 1,
      "maximumSpawnVehicle": 8,
      "minSpawnPeriod": 5.0,
      "maxSpawnPeriod": 10.0,
      "SpawnVelocityType": 2,
      "MinSpawnVelocity_Custom": 10.0,
      "MaxSpawnVelocity_Custom": 10.0,
      "MinSpawnVelocity_Link": 0.0,
      "MaxSpawnVelocity_Link": 10.0,
      "DesiredVelocityType": 2,
      "MinDesiredVelocity_Custom": 50.0,
      "MaxDesiredVelocity_Custom": 50.0,
      "MinDesiredVelocity_Link": 85.0,
      "MaxDesiredVelocity_Link": 100.0,
      "spawnedVehiclesCount": 0,
      "isSpawning": false,
      "waitSpawnTime": 6.8223938941955566,
      "destinationObjUniqueID": 17,
      "startLinkInfo": {
        "linkIdx": "A219BS010310",
        "pointIdx": 26
      },
      "endLinkInfo": {
        "linkIdx": "A219BS010301",
        "pointIdx": 274
      },
      "latBiasMode": 1,
      "MinLatBias": -10.0,
      "MaxLatBias": 10.0,
      "DestinationMode": 1,
      "NPCSpawnType": 1,
      "SafetyDist": 5.0,
      "TTC": 1.0,
      "sPAWNPOINT_SETTING_MODE": 1,
      "rANDOMPOINT_LIFE_MODE": 0
    },
    {
      "DataID": 90100001,
      "UNIQUEID": 18,
      "m_eobstacleObjType": 5,
      "pos": {
        "x": 219.072998046875,
        "y": 1129.3270263671875,
        "z": -0.93699997663497925,
        "_x": "219.073",
        "_y": "1,129.327",
        "_z": "-0.937"
      },
      "rot": {
        "roll": "0.000",
        "pitch": "0.137",
        "yaw": "90.227"
      },
      "scale": {
        "x": 1.0,
        "y": 1.0,
        "z": 1.0,
        "_x": "1.000",
        "_y": "1.000",
        "_z": "1.000"
      },
      "spawnVehicleTypeID": -1,
      "listVehicleLengthType": [
        2
      ],
      "isCloseLoop": false,
      "isLaneChange": true,
      "ParameterType": 1,
      "maximumSpawnVehicle": 8,
      "minSpawnPeriod": 5.0,
      "maxSpawnPeriod": 10.0,
      "SpawnVelocityType": 1,
      "MinSpawnVelocity_Custom": 0.0,
      "MaxSpawnVelocity_Custom": 20.0,
      "MinSpawnVelocity_Link": 30.0,
      "MaxSpawnVelocity_Link": 30.0,
      "DesiredVelocityType": 2,
      "MinDesiredVelocity_Custom": 80.0,
      "MaxDesiredVelocity_Custom": 80.0,
      "MinDesiredVelocity_Link": 85.0,
      "MaxDesiredVelocity_Link": 100.0,
      "spawnedVehiclesCount": 0,
      "isSpawning": false,
      "waitSpawnTime": 8.95561695098877,
      "destinationObjUniqueID": 19,
      "startLinkInfo": {
        "linkIdx": "A219BS010379",
        "pointIdx": 755
      },
      "endLinkInfo": {
        "linkIdx": "A219BS010379",
        "pointIdx": 2200
      },
      "latBiasMode": 1,
      "MinLatBias": -10.0,
      "MaxLatBias": 10.0,
      "DestinationMode": 1,
      "NPCSpawnType": 1,
      "SafetyDist": 5.0,
      "TTC": 1.0,
      "sPAWNPOINT_SETTING_MODE": 1,
      "rANDOMPOINT_LIFE_MODE": 1
    }
  ],
  "tlList": [
    {
      "index": 0,
      "state": 0,
      "deltaTime": 15.146244049072266
    },
    {
      "index": 1,
      "state": 1,
      "deltaTime": 0.13399721682071686
    },
    {
      "index": 2,
      "state": 0,
      "deltaTime": 15.146244049072266
    },
    {
      "index": 3,
      "state": 0,
      "deltaTime": 15.146244049072266
    },
    {
      "index": 4,
      "state": 0,
      "deltaTime": 15.146244049072266
    },
    {
      "index": 5,
      "state": 0,
      "deltaTime": 15.146244049072266
    },
    {
      "index": 6,
      "state": 0,
      "deltaTime": 15.146244049072266
    }
  ],
  "mapInfo": {
    "mapName": "R_KR_PG_K-City",
    "eastOffset": 302459.942,
    "northOffset": 4122635.537,
    "globalCoordinateSystem": "UTM52N",
    "scenarioCoordinateSystem": "ENU"
  },
  "v2IInfo": {
    "isAlive": false,
    "acceptIp": "127.0.0.1",
    "acceptPort": 5000,
    "v2vIP": "127.0.0.1"
  },
  "pedspawnPointList": [],
  "aiPedstrianList": [],
  "shadedAreaList": [],
  "frictionChangeMaterialList": []
}