{
  "version": 1.0,
  "egoVehicle": {
    "DataID": 20200012,
    "UNIQUEID": -1,
    "m_eobstacleObjType": 0,
    "initPosition": {
      "initPositionMode": "Absolute",
      "pos": {
        "x": -84.882003784179688,
        "y": 17.014999389648438,
        "z": 0.35199999809265137,
        "_x": "-84.882",
        "_y": "17.015",
        "_z": "0.352"
      },
      "rot": {
        "roll": "0.000",
        "pitch": "0.219",
        "yaw": "-178.383"
      },
      "initLink": "",
      "initLinkRatio": 0,
      "gear": 1,
      "vehicleSaveData": {
        "velocity": 0.15165424346923828,
        "inputData": [
          0,
          0,
          0,
          0,
          0,
          0,
          1,
          0,
          0,
          0,
          0,
          0,
          0,
          0
        ],
        "vehicle": {
          "time": 191.22402954101563,
          "lastVelocity": {
            "x": -0.00044458810589276254,
            "y": -0.04592633992433548,
            "z": -1.21940320241265E-05
          },
          "lastImpactTime": 62.391635894775391
        },
        "wheels": [
          {
            "L": 2.0567272860402656E-16,
            "Tr": 1.5551271574496563E-32,
            "contactDepth": 0.138413667678833,
            "lastTireForce": {
              "x": 0.10754181444644928,
              "y": -6.02323579788208
            }
          },
          {
            "L": 4.3807358185866258E-16,
            "Tr": 1.5551271574496563E-32,
            "contactDepth": 0.13841372728347778,
            "lastTireForce": {
              "x": -0.10348328202962875,
              "y": -6.023841381072998
            }
          },
          {
            "L": 1.5363102432472235E-16,
            "Tr": 1.1247492882548463E-32,
            "contactDepth": 0.12683779001235962,
            "lastTireForce": {
              "x": 0.0028313437942415476,
              "y": -7.8031387329101563
            }
          },
          {
            "L": 3.93838133221254E-16,
            "Tr": 1.1247492882548463E-32,
            "contactDepth": 0.12683796882629395,
            "lastTireForce": {
              "x": 0.002831397345289588,
              "y": -7.8038778305053711
            }
          }
        ],
        "engine": {
          "L": 0.0,
          "Treaction": 0.0,
          "rpmLimiterActive": false,
          "rpmLimiterTime": 0.0,
          "tcsActivationTime": 0.0
        },
        "gearbox": {
          "L": 0.0,
          "manualGear": 0,
          "manualRatio": 0.0,
          "engaged": false,
          "lastEngagedTime": 0.0,
          "lastAutoShiftTime": 0.0,
          "vehicleMoving": false,
          "gearMode": 0,
          "automaticGear": 0,
          "automaticRatio": 0.0,
          "transition": false,
          "transitionStartedTime": 0.0,
          "fromGear": 0,
          "toGear": 0,
          "fromRatio": 0.0,
          "toRatio": 0.0,
          "transitionRatio": 0.0
        },
        "lastVelocity": {
          "x": -0.00044458810589276254,
          "y": -0.04592633992433548,
          "z": -1.21940320241265E-05
        }
      }
    },
    "currentVelocity": 0.15165424346923828,
    "desiredVelocityType": 1,
    "linkValue": 85.0,
    "customValue": 50.0,
    "v2vUDPSessionInfo": {
      "isInit": false,
      "v2vConfig": {
        "hostIP": "0.0.0.0",
        "Port": 5641,
        "receiveTimeout": 0,
        "BuffSize": 8196,
        "surroundVehiclePubTime": 100
      }
    },
    "beforeControlMode": 1,
    "currentControlMode": 3
  },
  "vehicleList": [],
  "pedestrianList": [
    {
      "DataID": 50100003,
      "UNIQUEID": 8,
      "m_eobstacleObjType": 2,
      "pos": {
        "x": -52.528999328613281,
        "y": 121.26000213623047,
        "z": 0.20000000298023224,
        "_x": "-52.529",
        "_y": "121.260",
        "_z": "0.200"
      },
      "rot": {
        "roll": "0.000",
        "pitch": "0.000",
        "yaw": "-102.706"
      },
      "activeDistance": 48.0,
      "speed": 9.0,
      "active": true,
      "loop": false,
      "initPos": {
        "x": 52.528999328613281,
        "y": 0.20000000298023224,
        "z": -121.26000213623047,
        "_x": "52.529",
        "_y": "0.200",
        "_z": "-121.260"
      },
      "initRot": {
        "roll": "0.000",
        "pitch": "14.984",
        "yaw": "0.000"
      },
      "movingDistance": 5.0,
      "movingDistanceAmount": 0.0,
      "standardPos": {
        "x": 52.528999328613281,
        "y": 0.20000000298023224,
        "z": -121.26000213623047,
        "_x": "52.529",
        "_y": "0.200",
        "_z": "-121.260"
      },
      "anim": {
        "m_FileID": -117734,
        "m_PathID": 0
      },
      "stateNameHash": 2081823275,
      "stateNormalizedTime": 0.5419725775718689,
      "pedestrianBehavior": 1,
      "pedestrianType": 1,
      "listObjIDForBehavior": [],
      "animSpeed": 0.0,
      "isWaypointMode": true,
      "waypointEventList": [
        {
          "index": -1,
          "waypointEventData": []
        },
        {
          "index": -1,
          "waypointEventData": []
        }
      ]
    },
    {
      "DataID": 50100007,
      "UNIQUEID": 7,
      "m_eobstacleObjType": 2,
      "pos": {
        "x": -7.679999828338623,
        "y": 103.65000152587891,
        "z": 0.0,
        "_x": "-7.680",
        "_y": "103.650",
        "_z": "0.000"
      },
      "rot": {
        "roll": "0.000",
        "pitch": "0.000",
        "yaw": "87.294"
      },
      "activeDistance": 20.0,
      "speed": 8.0,
      "active": true,
      "loop": false,
      "initPos": {
        "x": 7.679999828338623,
        "y": 0.0,
        "z": -103.65000152587891,
        "_x": "7.680",
        "_y": "0.000",
        "_z": "-103.650"
      },
      "initRot": {
        "roll": "0.000",
        "pitch": "184.984",
        "yaw": "0.000"
      },
      "movingDistance": 5.0,
      "movingDistanceAmount": 0.0,
      "standardPos": {
        "x": 7.679999828338623,
        "y": 0.0,
        "z": -103.65000152587891,
        "_x": "7.680",
        "_y": "0.000",
        "_z": "-103.650"
      },
      "anim": {
        "m_FileID": -116602,
        "m_PathID": 0
      },
      "stateNameHash": 2081823275,
      "stateNormalizedTime": 6.427828311920166,
      "pedestrianBehavior": 1,
      "pedestrianType": 1,
      "listObjIDForBehavior": [],
      "animSpeed": 0.0,
      "isWaypointMode": true,
      "waypointEventList": [
        {
          "index": -1,
          "waypointEventData": []
        },
        {
          "index": -1,
          "waypointEventData": []
        }
      ]
    },
    {
      "DataID": 50100014,
      "UNIQUEID": 6,
      "m_eobstacleObjType": 2,
      "pos": {
        "x": -24.256000518798828,
        "y": 120.51599884033203,
        "z": 0.20000000298023224,
        "_x": "-24.256",
        "_y": "120.516",
        "_z": "0.200"
      },
      "rot": {
        "roll": "0.000",
        "pitch": "0.000",
        "yaw": "-75.906"
      },
      "activeDistance": 23.0,
      "speed": 8.0,
      "active": true,
      "loop": false,
      "initPos": {
        "x": 24.256000518798828,
        "y": 0.20000000298023224,
        "z": -120.51599884033203,
        "_x": "24.256",
        "_y": "0.200",
        "_z": "-120.516"
      },
      "initRot": {
        "roll": "0.000",
        "pitch": "347.045",
        "yaw": "0.000"
      },
      "movingDistance": 5.0,
      "movingDistanceAmount": 0.0,
      "standardPos": {
        "x": 24.256000518798828,
        "y": 0.20000000298023224,
        "z": -120.51599884033203,
        "_x": "24.256",
        "_y": "0.200",
        "_z": "-120.516"
      },
      "anim": {
        "m_FileID": -117334,
        "m_PathID": 0
      },
      "stateNameHash": 2081823275,
      "stateNormalizedTime": 0.70435917377471924,
      "pedestrianBehavior": 1,
      "pedestrianType": 2,
      "listObjIDForBehavior": [],
      "animSpeed": 0.0,
      "isWaypointMode": true,
      "waypointEventList": [
        {
          "index": -1,
          "waypointEventData": []
        },
        {
          "index": -1,
          "waypointEventData": []
        }
      ]
    }
  ],
  "objectList": [
    {
      "DataID": 40100027,
      "UNIQUEID": 45,
      "m_eobstacleObjType": 4,
      "pos": {
        "x": -148.01600646972656,
        "y": 62.118999481201172,
        "z": 0.0,
        "_x": "-148.016",
        "_y": "62.119",
        "_z": "0.000"
      },
      "rot": {
        "roll": "-359.980",
        "pitch": "0.010",
        "yaw": "-84.306"
      },
      "scale": {
        "x": 1.0,
        "y": 1.0,
        "z": 1.0,
        "_x": "1.000",
        "_y": "1.000",
        "_z": "1.000"
      },
      "initPos": {
        "x": 0.0,
        "y": 0.0,
        "z": 0.0,
        "_x": "0.000",
        "_y": "0.000",
        "_z": "0.000"
      },
      "initRot": {
        "roll": "0.000",
        "pitch": "0.000",
        "yaw": "0.000"
      },
      "isWaypointMode": true,
      "moveSpeed": 0.0,
      "activeDistance": 0.0,
      "waypointEventList": []
    },
    {
      "DataID": 40100029,
      "UNIQUEID": 50,
      "m_eobstacleObjType": 4,
      "pos": {
        "x": -143.80299377441406,
        "y": 80.8759994506836,
        "z": 0.0,
        "_x": "-143.803",
        "_y": "80.876",
        "_z": "0.000"
      },
      "rot": {
        "roll": "0.000",
        "pitch": "-0.001",
        "yaw": "-177.724"
      },
      "scale": {
        "x": 1.8999999761581421,
        "y": 1.0,
        "z": 1.0,
        "_x": "1.900",
        "_y": "1.000",
        "_z": "1.000"
      },
      "initPos": {
        "x": 0.0,
        "y": 0.0,
        "z": 0.0,
        "_x": "0.000",
        "_y": "0.000",
        "_z": "0.000"
      },
      "initRot": {
        "roll": "0.000",
        "pitch": "0.000",
        "yaw": "0.000"
      },
      "isWaypointMode": true,
      "moveSpeed": 0.0,
      "activeDistance": 0.0,
      "waypointEventList": []
    },
    {
      "DataID": 40100027,
      "UNIQUEID": 10,
      "m_eobstacleObjType": 4,
      "pos": {
        "x": -147.78700256347656,
        "y": 39.519001007080078,
        "z": 0.0,
        "_x": "-147.787",
        "_y": "39.519",
        "_z": "0.000"
      },
      "rot": {
        "roll": "0.000",
        "pitch": "0.000",
        "yaw": "-87.721"
      },
      "scale": {
        "x": 1.0,
        "y": 1.0,
        "z": 1.0,
        "_x": "1.000",
        "_y": "1.000",
        "_z": "1.000"
      },
      "initPos": {
        "x": 0.0,
        "y": 0.0,
        "z": 0.0,
        "_x": "0.000",
        "_y": "0.000",
        "_z": "0.000"
      },
      "initRot": {
        "roll": "0.000",
        "pitch": "0.000",
        "yaw": "0.000"
      },
      "isWaypointMode": true,
      "moveSpeed": 0.0,
      "activeDistance": 0.0,
      "waypointEventList": []
    },
    {
      "DataID": 40100028,
      "UNIQUEID": 293,
      "m_eobstacleObjType": 4,
      "pos": {
        "x": -114.77899932861328,
        "y": 113.95999908447266,
        "z": 0.0,
        "_x": "-114.779",
        "_y": "113.960",
        "_z": "0.000"
      },
      "rot": {
        "roll": "0.000",
        "pitch": "-0.001",
        "yaw": "92.270"
      },
      "scale": {
        "x": 1.8999999761581421,
        "y": 1.0,
        "z": 1.0,
        "_x": "1.900",
        "_y": "1.000",
        "_z": "1.000"
      },
      "initPos": {
        "x": 0.0,
        "y": 0.0,
        "z": 0.0,
        "_x": "0.000",
        "_y": "0.000",
        "_z": "0.000"
      },
      "initRot": {
        "roll": "0.000",
        "pitch": "0.000",
        "yaw": "0.000"
      },
      "isWaypointMode": true,
      "moveSpeed": 0.0,
      "activeDistance": 0.0,
      "waypointEventList": []
    },
    {
      "DataID": 40100029,
      "UNIQUEID": 295,
      "m_eobstacleObjType": 4,
      "pos": {
        "x": -100.9739990234375,
        "y": 113.94499969482422,
        "z": 0.0,
        "_x": "-100.974",
        "_y": "113.945",
        "_z": "0.000"
      },
      "rot": {
        "roll": "0.000",
        "pitch": "-0.001",
        "yaw": "92.274"
      },
      "scale": {
        "x": 1.8999999761581421,
        "y": 1.0,
        "z": 1.0,
        "_x": "1.900",
        "_y": "1.000",
        "_z": "1.000"
      },
      "initPos": {
        "x": 0.0,
        "y": 0.0,
        "z": 0.0,
        "_x": "0.000",
        "_y": "0.000",
        "_z": "0.000"
      },
      "initRot": {
        "roll": "0.000",
        "pitch": "0.000",
        "yaw": "0.000"
      },
      "isWaypointMode": true,
      "moveSpeed": 0.0,
      "activeDistance": 0.0,
      "waypointEventList": []
    },
    {
      "DataID": 40100028,
      "UNIQUEID": 294,
      "m_eobstacleObjType": 4,
      "pos": {
        "x": -142.9949951171875,
        "y": 114.08499908447266,
        "z": 0.0,
        "_x": "-142.995",
        "_y": "114.085",
        "_z": "0.000"
      },
      "rot": {
        "roll": "0.000",
        "pitch": "-0.001",
        "yaw": "92.286"
      },
      "scale": {
        "x": 1.8999999761581421,
        "y": 1.0,
        "z": 1.0,
        "_x": "1.900",
        "_y": "1.000",
        "_z": "1.000"
      },
      "initPos": {
        "x": 0.0,
        "y": 0.0,
        "z": 0.0,
        "_x": "0.000",
        "_y": "0.000",
        "_z": "0.000"
      },
      "initRot": {
        "roll": "0.000",
        "pitch": "0.000",
        "yaw": "0.000"
      },
      "isWaypointMode": true,
      "moveSpeed": 0.0,
      "activeDistance": 0.0,
      "waypointEventList": []
    },
    {
      "DataID": 40100028,
      "UNIQUEID": 272,
      "m_eobstacleObjType": 4,
      "pos": {
        "x": -89.4729995727539,
        "y": 107.66100311279297,
        "z": 0.0,
        "_x": "-89.473",
        "_y": "107.661",
        "_z": "0.000"
      },
      "rot": {
        "roll": "0.000",
        "pitch": "-0.001",
        "yaw": "92.277"
      },
      "scale": {
        "x": 1.8999999761581421,
        "y": 1.0,
        "z": 1.0,
        "_x": "1.900",
        "_y": "1.000",
        "_z": "1.000"
      },
      "initPos": {
        "x": 0.0,
        "y": 0.0,
        "z": 0.0,
        "_x": "0.000",
        "_y": "0.000",
        "_z": "0.000"
      },
      "initRot": {
        "roll": "0.000",
        "pitch": "0.000",
        "yaw": "0.000"
      },
      "isWaypointMode": true,
      "moveSpeed": 0.0,
      "activeDistance": 0.0,
      "waypointEventList": []
    },
    {
      "DataID": 40100029,
      "UNIQUEID": 69,
      "m_eobstacleObjType": 4,
      "pos": {
        "x": -103.34100341796875,
        "y": 107.78099822998047,
        "z": 0.0,
        "_x": "-103.341",
        "_y": "107.781",
        "_z": "0.000"
      },
      "rot": {
        "roll": "0.000",
        "pitch": "0.000",
        "yaw": "92.278"
      },
      "scale": {
        "x": 1.8999999761581421,
        "y": 1.0,
        "z": 1.0,
        "_x": "1.900",
        "_y": "1.000",
        "_z": "1.000"
      },
      "initPos": {
        "x": 0.0,
        "y": 0.0,
        "z": 0.0,
        "_x": "0.000",
        "_y": "0.000",
        "_z": "0.000"
      },
      "initRot": {
        "roll": "0.000",
        "pitch": "0.000",
        "yaw": "0.000"
      },
      "isWaypointMode": true,
      "moveSpeed": 0.0,
      "activeDistance": 0.0,
      "waypointEventList": []
    },
    {
      "DataID": 40100029,
      "UNIQUEID": 66,
      "m_eobstacleObjType": 4,
      "pos": {
        "x": -81.214996337890625,
        "y": 107.63899993896484,
        "z": 0.0,
        "_x": "-81.215",
        "_y": "107.639",
        "_z": "0.000"
      },
      "rot": {
        "roll": "0.000",
        "pitch": "-0.001",
        "yaw": "92.281"
      },
      "scale": {
        "x": 1.8999999761581421,
        "y": 1.0,
        "z": 1.0,
        "_x": "1.900",
        "_y": "1.000",
        "_z": "1.000"
      },
      "initPos": {
        "x": 0.0,
        "y": 0.0,
        "z": 0.0,
        "_x": "0.000",
        "_y": "0.000",
        "_z": "0.000"
      },
      "initRot": {
        "roll": "0.000",
        "pitch": "0.000",
        "yaw": "0.000"
      },
      "isWaypointMode": true,
      "moveSpeed": 0.0,
      "activeDistance": 0.0,
      "waypointEventList": []
    },
    {
      "DataID": 40100029,
      "UNIQUEID": 173,
      "m_eobstacleObjType": 4,
      "pos": {
        "x": -111.9530029296875,
        "y": 113.94599914550781,
        "z": 0.0,
        "_x": "-111.953",
        "_y": "113.946",
        "_z": "0.000"
      },
      "rot": {
        "roll": "0.000",
        "pitch": "-0.001",
        "yaw": "92.282"
      },
      "scale": {
        "x": 1.8999999761581421,
        "y": 1.0,
        "z": 1.0,
        "_x": "1.900",
        "_y": "1.000",
        "_z": "1.000"
      },
      "initPos": {
        "x": 0.0,
        "y": 0.0,
        "z": 0.0,
        "_x": "0.000",
        "_y": "0.000",
        "_z": "0.000"
      },
      "initRot": {
        "roll": "0.000",
        "pitch": "0.000",
        "yaw": "0.000"
      },
      "isWaypointMode": true,
      "moveSpeed": 0.0,
      "activeDistance": 0.0,
      "waypointEventList": []
    },
    {
      "DataID": 40200164,
      "UNIQUEID": 62,
      "m_eobstacleObjType": 4,
      "pos": {
        "x": -70.028999328613281,
        "y": -86.2229995727539,
        "z": 0.0,
        "_x": "-70.029",
        "_y": "-86.223",
        "_z": "0.000"
      },
      "rot": {
        "roll": "0.000",
        "pitch": "0.000",
        "yaw": "2.944"
      },
      "scale": {
        "x": 1.0,
        "y": 1.0,
        "z": 1.0,
        "_x": "1.000",
        "_y": "1.000",
        "_z": "1.000"
      },
      "initPos": {
        "x": 0.0,
        "y": 0.0,
        "z": 0.0,
        "_x": "0.000",
        "_y": "0.000",
        "_z": "0.000"
      },
      "initRot": {
        "roll": "0.000",
        "pitch": "0.000",
        "yaw": "0.000"
      },
      "isWaypointMode": true,
      "moveSpeed": 0.0,
      "activeDistance": 0.0,
      "waypointEventList": []
    },
    {
      "DataID": 40100029,
      "UNIQUEID": 52,
      "m_eobstacleObjType": 4,
      "pos": {
        "x": -150.30400085449219,
        "y": 96.0009994506836,
        "z": 0.0,
        "_x": "-150.304",
        "_y": "96.001",
        "_z": "0.000"
      },
      "rot": {
        "roll": "0.000",
        "pitch": "-0.001",
        "yaw": "-176.731"
      },
      "scale": {
        "x": 1.8999999761581421,
        "y": 1.0,
        "z": 1.0,
        "_x": "1.900",
        "_y": "1.000",
        "_z": "1.000"
      },
      "initPos": {
        "x": 0.0,
        "y": 0.0,
        "z": 0.0,
        "_x": "0.000",
        "_y": "0.000",
        "_z": "0.000"
      },
      "initRot": {
        "roll": "0.000",
        "pitch": "0.000",
        "yaw": "0.000"
      },
      "isWaypointMode": true,
      "moveSpeed": 0.0,
      "activeDistance": 0.0,
      "waypointEventList": []
    },
    {
      "DataID": 40100028,
      "UNIQUEID": 296,
      "m_eobstacleObjType": 4,
      "pos": {
        "x": -100.54499816894531,
        "y": 107.73300170898438,
        "z": 0.0,
        "_x": "-100.545",
        "_y": "107.733",
        "_z": "0.000"
      },
      "rot": {
        "roll": "0.000",
        "pitch": "-0.001",
        "yaw": "92.274"
      },
      "scale": {
        "x": 1.8999999761581421,
        "y": 1.0,
        "z": 1.0,
        "_x": "1.900",
        "_y": "1.000",
        "_z": "1.000"
      },
      "initPos": {
        "x": 0.0,
        "y": 0.0,
        "z": 0.0,
        "_x": "0.000",
        "_y": "0.000",
        "_z": "0.000"
      },
      "initRot": {
        "roll": "0.000",
        "pitch": "0.000",
        "yaw": "0.000"
      },
      "isWaypointMode": true,
      "moveSpeed": 0.0,
      "activeDistance": 0.0,
      "waypointEventList": []
    },
    {
      "DataID": 40100029,
      "UNIQUEID": 306,
      "m_eobstacleObjType": 4,
      "pos": {
        "x": -92.238998413085938,
        "y": 107.69300079345703,
        "z": 0.0,
        "_x": "-92.239",
        "_y": "107.693",
        "_z": "0.000"
      },
      "rot": {
        "roll": "0.000",
        "pitch": "0.000",
        "yaw": "92.275"
      },
      "scale": {
        "x": 1.8999999761581421,
        "y": 1.0,
        "z": 1.0,
        "_x": "1.900",
        "_y": "1.000",
        "_z": "1.000"
      },
      "initPos": {
        "x": 0.0,
        "y": 0.0,
        "z": 0.0,
        "_x": "0.000",
        "_y": "0.000",
        "_z": "0.000"
      },
      "initRot": {
        "roll": "0.000",
        "pitch": "0.000",
        "yaw": "0.000"
      },
      "isWaypointMode": true,
      "moveSpeed": 0.0,
      "activeDistance": 0.0,
      "waypointEventList": []
    },
    {
      "DataID": 40100028,
      "UNIQUEID": 303,
      "m_eobstacleObjType": 4,
      "pos": {
        "x": -95.001998901367188,
        "y": 107.68900299072266,
        "z": 0.0,
        "_x": "-95.002",
        "_y": "107.689",
        "_z": "0.000"
      },
      "rot": {
        "roll": "0.000",
        "pitch": "-0.001",
        "yaw": "92.299"
      },
      "scale": {
        "x": 1.8999999761581421,
        "y": 1.0,
        "z": 1.0,
        "_x": "1.900",
        "_y": "1.000",
        "_z": "1.000"
      },
      "initPos": {
        "x": 0.0,
        "y": 0.0,
        "z": 0.0,
        "_x": "0.000",
        "_y": "0.000",
        "_z": "0.000"
      },
      "initRot": {
        "roll": "0.000",
        "pitch": "0.000",
        "yaw": "0.000"
      },
      "isWaypointMode": true,
      "moveSpeed": 0.0,
      "activeDistance": 0.0,
      "waypointEventList": []
    },
    {
      "DataID": 40100028,
      "UNIQUEID": 300,
      "m_eobstacleObjType": 4,
      "pos": {
        "x": -103.70700073242188,
        "y": 113.96099853515625,
        "z": 0.0,
        "_x": "-103.707",
        "_y": "113.961",
        "_z": "0.000"
      },
      "rot": {
        "roll": "0.000",
        "pitch": "-0.001",
        "yaw": "92.278"
      },
      "scale": {
        "x": 1.8999999761581421,
        "y": 1.0,
        "z": 1.0,
        "_x": "1.900",
        "_y": "1.000",
        "_z": "1.000"
      },
      "initPos": {
        "x": 0.0,
        "y": 0.0,
        "z": 0.0,
        "_x": "0.000",
        "_y": "0.000",
        "_z": "0.000"
      },
      "initRot": {
        "roll": "0.000",
        "pitch": "0.000",
        "yaw": "0.000"
      },
      "isWaypointMode": true,
      "moveSpeed": 0.0,
      "activeDistance": 0.0,
      "waypointEventList": []
    },
    {
      "DataID": 40100028,
      "UNIQUEID": 211,
      "m_eobstacleObjType": 4,
      "pos": {
        "x": -98.2040023803711,
        "y": 113.88999938964844,
        "z": 0.0,
        "_x": "-98.204",
        "_y": "113.890",
        "_z": "0.000"
      },
      "rot": {
        "roll": "0.000",
        "pitch": "-0.001",
        "yaw": "92.277"
      },
      "scale": {
        "x": 1.8999999761581421,
        "y": 1.0,
        "z": 1.0,
        "_x": "1.900",
        "_y": "1.000",
        "_z": "1.000"
      },
      "initPos": {
        "x": 0.0,
        "y": 0.0,
        "z": 0.0,
        "_x": "0.000",
        "_y": "0.000",
        "_z": "0.000"
      },
      "initRot": {
        "roll": "0.000",
        "pitch": "0.000",
        "yaw": "0.000"
      },
      "isWaypointMode": true,
      "moveSpeed": 0.0,
      "activeDistance": 0.0,
      "waypointEventList": []
    },
    {
      "DataID": 40100028,
      "UNIQUEID": 207,
      "m_eobstacleObjType": 4,
      "pos": {
        "x": -83.959999084472656,
        "y": 107.66899871826172,
        "z": 0.0,
        "_x": "-83.960",
        "_y": "107.669",
        "_z": "0.000"
      },
      "rot": {
        "roll": "0.000",
        "pitch": "-0.001",
        "yaw": "92.277"
      },
      "scale": {
        "x": 1.8999999761581421,
        "y": 1.0,
        "z": 1.0,
        "_x": "1.900",
        "_y": "1.000",
        "_z": "1.000"
      },
      "initPos": {
        "x": 0.0,
        "y": 0.0,
        "z": 0.0,
        "_x": "0.000",
        "_y": "0.000",
        "_z": "0.000"
      },
      "initRot": {
        "roll": "0.000",
        "pitch": "0.000",
        "yaw": "0.000"
      },
      "isWaypointMode": true,
      "moveSpeed": 0.0,
      "activeDistance": 0.0,
      "waypointEventList": []
    },
    {
      "DataID": 40100028,
      "UNIQUEID": 209,
      "m_eobstacleObjType": 4,
      "pos": {
        "x": -125.99700164794922,
        "y": 114.02700042724609,
        "z": 0.0,
        "_x": "-125.997",
        "_y": "114.027",
        "_z": "0.000"
      },
      "rot": {
        "roll": "0.000",
        "pitch": "-0.001",
        "yaw": "92.280"
      },
      "scale": {
        "x": 1.8999999761581421,
        "y": 1.0,
        "z": 1.0,
        "_x": "1.900",
        "_y": "1.000",
        "_z": "1.000"
      },
      "initPos": {
        "x": 0.0,
        "y": 0.0,
        "z": 0.0,
        "_x": "0.000",
        "_y": "0.000",
        "_z": "0.000"
      },
      "initRot": {
        "roll": "0.000",
        "pitch": "0.000",
        "yaw": "0.000"
      },
      "isWaypointMode": true,
      "moveSpeed": 0.0,
      "activeDistance": 0.0,
      "waypointEventList": []
    },
    {
      "DataID": 40100029,
      "UNIQUEID": 203,
      "m_eobstacleObjType": 4,
      "pos": {
        "x": -125.40399932861328,
        "y": 107.85199737548828,
        "z": 0.0,
        "_x": "-125.404",
        "_y": "107.852",
        "_z": "0.000"
      },
      "rot": {
        "roll": "0.000",
        "pitch": "-0.001",
        "yaw": "92.278"
      },
      "scale": {
        "x": 1.8999999761581421,
        "y": 1.0,
        "z": 1.0,
        "_x": "1.900",
        "_y": "1.000",
        "_z": "1.000"
      },
      "initPos": {
        "x": 0.0,
        "y": 0.0,
        "z": 0.0,
        "_x": "0.000",
        "_y": "0.000",
        "_z": "0.000"
      },
      "initRot": {
        "roll": "0.000",
        "pitch": "0.000",
        "yaw": "0.000"
      },
      "isWaypointMode": true,
      "moveSpeed": 0.0,
      "activeDistance": 0.0,
      "waypointEventList": []
    },
    {
      "DataID": 40100029,
      "UNIQUEID": 204,
      "m_eobstacleObjType": 4,
      "pos": {
        "x": -86.705001831054688,
        "y": 107.66500091552734,
        "z": 0.0,
        "_x": "-86.705",
        "_y": "107.665",
        "_z": "0.000"
      },
      "rot": {
        "roll": "0.000",
        "pitch": "-0.001",
        "yaw": "92.278"
      },
      "scale": {
        "x": 1.8999999761581421,
        "y": 1.0,
        "z": 1.0,
        "_x": "1.900",
        "_y": "1.000",
        "_z": "1.000"
      },
      "initPos": {
        "x": 0.0,
        "y": 0.0,
        "z": 0.0,
        "_x": "0.000",
        "_y": "0.000",
        "_z": "0.000"
      },
      "initRot": {
        "roll": "0.000",
        "pitch": "0.000",
        "yaw": "0.000"
      },
      "isWaypointMode": true,
      "moveSpeed": 0.0,
      "activeDistance": 0.0,
      "waypointEventList": []
    },
    {
      "DataID": 40100029,
      "UNIQUEID": 198,
      "m_eobstacleObjType": 4,
      "pos": {
        "x": -84.3280029296875,
        "y": 113.87200164794922,
        "z": 0.0,
        "_x": "-84.328",
        "_y": "113.872",
        "_z": "0.000"
      },
      "rot": {
        "roll": "0.000",
        "pitch": "-0.001",
        "yaw": "92.277"
      },
      "scale": {
        "x": 1.8999999761581421,
        "y": 1.0,
        "z": 1.0,
        "_x": "1.900",
        "_y": "1.000",
        "_z": "1.000"
      },
      "initPos": {
        "x": 0.0,
        "y": 0.0,
        "z": 0.0,
        "_x": "0.000",
        "_y": "0.000",
        "_z": "0.000"
      },
      "initRot": {
        "roll": "0.000",
        "pitch": "0.000",
        "yaw": "0.000"
      },
      "isWaypointMode": true,
      "moveSpeed": 0.0,
      "activeDistance": 0.0,
      "waypointEventList": []
    },
    {
      "DataID": 40100028,
      "UNIQUEID": 201,
      "m_eobstacleObjType": 4,
      "pos": {
        "x": -87.086997985839844,
        "y": 113.88500213623047,
        "z": 0.0,
        "_x": "-87.087",
        "_y": "113.885",
        "_z": "0.000"
      },
      "rot": {
        "roll": "0.000",
        "pitch": "-0.001",
        "yaw": "92.275"
      },
      "scale": {
        "x": 1.8999999761581421,
        "y": 1.0,
        "z": 1.0,
        "_x": "1.900",
        "_y": "1.000",
        "_z": "1.000"
      },
      "initPos": {
        "x": 0.0,
        "y": 0.0,
        "z": 0.0,
        "_x": "0.000",
        "_y": "0.000",
        "_z": "0.000"
      },
      "initRot": {
        "roll": "0.000",
        "pitch": "0.000",
        "yaw": "0.000"
      },
      "isWaypointMode": true,
      "moveSpeed": 0.0,
      "activeDistance": 0.0,
      "waypointEventList": []
    },
    {
      "DataID": 40100029,
      "UNIQUEID": 195,
      "m_eobstacleObjType": 4,
      "pos": {
        "x": -106.44899749755859,
        "y": 113.97599792480469,
        "z": 0.0,
        "_x": "-106.449",
        "_y": "113.976",
        "_z": "0.000"
      },
      "rot": {
        "roll": "0.000",
        "pitch": "-0.001",
        "yaw": "92.279"
      },
      "scale": {
        "x": 1.8999999761581421,
        "y": 1.0,
        "z": 1.0,
        "_x": "1.900",
        "_y": "1.000",
        "_z": "1.000"
      },
      "initPos": {
        "x": 0.0,
        "y": 0.0,
        "z": 0.0,
        "_x": "0.000",
        "_y": "0.000",
        "_z": "0.000"
      },
      "initRot": {
        "roll": "0.000",
        "pitch": "0.000",
        "yaw": "0.000"
      },
      "isWaypointMode": true,
      "moveSpeed": 0.0,
      "activeDistance": 0.0,
      "waypointEventList": []
    },
    {
      "DataID": 40100029,
      "UNIQUEID": 196,
      "m_eobstacleObjType": 4,
      "pos": {
        "x": -95.471000671386719,
        "y": 113.91300201416016,
        "z": 0.0,
        "_x": "-95.471",
        "_y": "113.913",
        "_z": "0.000"
      },
      "rot": {
        "roll": "0.000",
        "pitch": "-0.001",
        "yaw": "92.297"
      },
      "scale": {
        "x": 1.8999999761581421,
        "y": 1.0,
        "z": 1.0,
        "_x": "1.900",
        "_y": "1.000",
        "_z": "1.000"
      },
      "initPos": {
        "x": 0.0,
        "y": 0.0,
        "z": 0.0,
        "_x": "0.000",
        "_y": "0.000",
        "_z": "0.000"
      },
      "initRot": {
        "roll": "0.000",
        "pitch": "0.000",
        "yaw": "0.000"
      },
      "isWaypointMode": true,
      "moveSpeed": 0.0,
      "activeDistance": 0.0,
      "waypointEventList": []
    },
    {
      "DataID": 40100028,
      "UNIQUEID": 192,
      "m_eobstacleObjType": 4,
      "pos": {
        "x": -131.73599243164063,
        "y": 114.07700347900391,
        "z": 0.0,
        "_x": "-131.736",
        "_y": "114.077",
        "_z": "0.000"
      },
      "rot": {
        "roll": "0.000",
        "pitch": "0.000",
        "yaw": "92.277"
      },
      "scale": {
        "x": 1.8999999761581421,
        "y": 1.0,
        "z": 1.0,
        "_x": "1.900",
        "_y": "1.000",
        "_z": "1.000"
      },
      "initPos": {
        "x": 0.0,
        "y": 0.0,
        "z": 0.0,
        "_x": "0.000",
        "_y": "0.000",
        "_z": "0.000"
      },
      "initRot": {
        "roll": "0.000",
        "pitch": "0.000",
        "yaw": "0.000"
      },
      "isWaypointMode": true,
      "moveSpeed": 0.0,
      "activeDistance": 0.0,
      "waypointEventList": []
    },
    {
      "DataID": 40100029,
      "UNIQUEID": 194,
      "m_eobstacleObjType": 4,
      "pos": {
        "x": -128.79200744628906,
        "y": 114.07700347900391,
        "z": 0.0,
        "_x": "-128.792",
        "_y": "114.077",
        "_z": "0.000"
      },
      "rot": {
        "roll": "0.000",
        "pitch": "-0.001",
        "yaw": "92.270"
      },
      "scale": {
        "x": 1.8999999761581421,
        "y": 1.0,
        "z": 1.0,
        "_x": "1.900",
        "_y": "1.000",
        "_z": "1.000"
      },
      "initPos": {
        "x": 0.0,
        "y": 0.0,
        "z": 0.0,
        "_x": "0.000",
        "_y": "0.000",
        "_z": "0.000"
      },
      "initRot": {
        "roll": "0.000",
        "pitch": "0.000",
        "yaw": "0.000"
      },
      "isWaypointMode": true,
      "moveSpeed": 0.0,
      "activeDistance": 0.0,
      "waypointEventList": []
    },
    {
      "DataID": 40100028,
      "UNIQUEID": 186,
      "m_eobstacleObjType": 4,
      "pos": {
        "x": -143.87399291992188,
        "y": 101.30500030517578,
        "z": 0.0,
        "_x": "-143.874",
        "_y": "101.305",
        "_z": "0.000"
      },
      "rot": {
        "roll": "0.000",
        "pitch": "-0.002",
        "yaw": "-177.722"
      },
      "scale": {
        "x": 1.8999999761581421,
        "y": 1.0,
        "z": 1.0,
        "_x": "1.900",
        "_y": "1.000",
        "_z": "1.000"
      },
      "initPos": {
        "x": 0.0,
        "y": 0.0,
        "z": 0.0,
        "_x": "0.000",
        "_y": "0.000",
        "_z": "0.000"
      },
      "initRot": {
        "roll": "0.000",
        "pitch": "0.000",
        "yaw": "0.000"
      },
      "isWaypointMode": true,
      "moveSpeed": 0.0,
      "activeDistance": 0.0,
      "waypointEventList": []
    },
    {
      "DataID": 40100028,
      "UNIQUEID": 189,
      "m_eobstacleObjType": 4,
      "pos": {
        "x": -150.44099426269531,
        "y": 104.63600158691406,
        "z": 0.0,
        "_x": "-150.441",
        "_y": "104.636",
        "_z": "0.000"
      },
      "rot": {
        "roll": "0.000",
        "pitch": "-0.002",
        "yaw": "-177.720"
      },
      "scale": {
        "x": 1.8999999761581421,
        "y": 1.0,
        "z": 1.0,
        "_x": "1.900",
        "_y": "1.000",
        "_z": "1.000"
      },
      "initPos": {
        "x": 0.0,
        "y": 0.0,
        "z": 0.0,
        "_x": "0.000",
        "_y": "0.000",
        "_z": "0.000"
      },
      "initRot": {
        "roll": "0.000",
        "pitch": "0.000",
        "yaw": "0.000"
      },
      "isWaypointMode": true,
      "moveSpeed": 0.0,
      "activeDistance": 0.0,
      "waypointEventList": []
    },
    {
      "DataID": 40100029,
      "UNIQUEID": 182,
      "m_eobstacleObjType": 4,
      "pos": {
        "x": -143.82200622558594,
        "y": 92.706001281738281,
        "z": 0.0,
        "_x": "-143.822",
        "_y": "92.706",
        "_z": "0.000"
      },
      "rot": {
        "roll": "0.000",
        "pitch": "-0.001",
        "yaw": "-177.721"
      },
      "scale": {
        "x": 1.8999999761581421,
        "y": 1.0,
        "z": 1.0,
        "_x": "1.900",
        "_y": "1.000",
        "_z": "1.000"
      },
      "initPos": {
        "x": 0.0,
        "y": 0.0,
        "z": 0.0,
        "_x": "0.000",
        "_y": "0.000",
        "_z": "0.000"
      },
      "initRot": {
        "roll": "0.000",
        "pitch": "0.000",
        "yaw": "0.000"
      },
      "isWaypointMode": true,
      "moveSpeed": 0.0,
      "activeDistance": 0.0,
      "waypointEventList": []
    },
    {
      "DataID": 40100029,
      "UNIQUEID": 184,
      "m_eobstacleObjType": 4,
      "pos": {
        "x": -143.906005859375,
        "y": 98.5510025024414,
        "z": 0.0,
        "_x": "-143.906",
        "_y": "98.551",
        "_z": "0.000"
      },
      "rot": {
        "roll": "0.000",
        "pitch": "-0.002",
        "yaw": "-177.723"
      },
      "scale": {
        "x": 1.8999999761581421,
        "y": 1.0,
        "z": 1.0,
        "_x": "1.900",
        "_y": "1.000",
        "_z": "1.000"
      },
      "initPos": {
        "x": 0.0,
        "y": 0.0,
        "z": 0.0,
        "_x": "0.000",
        "_y": "0.000",
        "_z": "0.000"
      },
      "initRot": {
        "roll": "0.000",
        "pitch": "0.000",
        "yaw": "0.000"
      },
      "isWaypointMode": true,
      "moveSpeed": 0.0,
      "activeDistance": 0.0,
      "waypointEventList": []
    },
    {
      "DataID": 40100029,
      "UNIQUEID": 178,
      "m_eobstacleObjType": 4,
      "pos": {
        "x": -145.78300476074219,
        "y": 114.13899993896484,
        "z": 0.0,
        "_x": "-145.783",
        "_y": "114.139",
        "_z": "0.000"
      },
      "rot": {
        "roll": "0.000",
        "pitch": "-0.001",
        "yaw": "92.280"
      },
      "scale": {
        "x": 1.8999999761581421,
        "y": 1.0,
        "z": 1.0,
        "_x": "1.900",
        "_y": "1.000",
        "_z": "1.000"
      },
      "initPos": {
        "x": 0.0,
        "y": 0.0,
        "z": 0.0,
        "_x": "0.000",
        "_y": "0.000",
        "_z": "0.000"
      },
      "initRot": {
        "roll": "0.000",
        "pitch": "0.000",
        "yaw": "0.000"
      },
      "isWaypointMode": true,
      "moveSpeed": 0.0,
      "activeDistance": 0.0,
      "waypointEventList": []
    },
    {
      "DataID": 40100029,
      "UNIQUEID": 180,
      "m_eobstacleObjType": 4,
      "pos": {
        "x": -150.49600219726563,
        "y": 107.47899627685547,
        "z": 0.0,
        "_x": "-150.496",
        "_y": "107.479",
        "_z": "0.000"
      },
      "rot": {
        "roll": "0.000",
        "pitch": "-0.001",
        "yaw": "-177.723"
      },
      "scale": {
        "x": 1.8999999761581421,
        "y": 1.0,
        "z": 1.0,
        "_x": "1.900",
        "_y": "1.000",
        "_z": "1.000"
      },
      "initPos": {
        "x": 0.0,
        "y": 0.0,
        "z": 0.0,
        "_x": "0.000",
        "_y": "0.000",
        "_z": "0.000"
      },
      "initRot": {
        "roll": "0.000",
        "pitch": "0.000",
        "yaw": "0.000"
      },
      "isWaypointMode": true,
      "moveSpeed": 0.0,
      "activeDistance": 0.0,
      "waypointEventList": []
    },
    {
      "DataID": 40100029,
      "UNIQUEID": 177,
      "m_eobstacleObjType": 4,
      "pos": {
        "x": -150.38800048828125,
        "y": 101.77500152587891,
        "z": 0.0,
        "_x": "-150.388",
        "_y": "101.775",
        "_z": "0.000"
      },
      "rot": {
        "roll": "0.000",
        "pitch": "-0.001",
        "yaw": "-177.722"
      },
      "scale": {
        "x": 1.8999999761581421,
        "y": 1.0,
        "z": 1.0,
        "_x": "1.900",
        "_y": "1.000",
        "_z": "1.000"
      },
      "initPos": {
        "x": 0.0,
        "y": 0.0,
        "z": 0.0,
        "_x": "0.000",
        "_y": "0.000",
        "_z": "0.000"
      },
      "initRot": {
        "roll": "0.000",
        "pitch": "0.000",
        "yaw": "0.000"
      },
      "isWaypointMode": true,
      "moveSpeed": 0.0,
      "activeDistance": 0.0,
      "waypointEventList": []
    },
    {
      "DataID": 40100029,
      "UNIQUEID": 170,
      "m_eobstacleObjType": 4,
      "pos": {
        "x": -123.18499755859375,
        "y": 114.00099945068359,
        "z": 0.0,
        "_x": "-123.185",
        "_y": "114.001",
        "_z": "0.000"
      },
      "rot": {
        "roll": "0.000",
        "pitch": "-0.001",
        "yaw": "92.279"
      },
      "scale": {
        "x": 1.8999999761581421,
        "y": 1.0,
        "z": 1.0,
        "_x": "1.900",
        "_y": "1.000",
        "_z": "1.000"
      },
      "initPos": {
        "x": 0.0,
        "y": 0.0,
        "z": 0.0,
        "_x": "0.000",
        "_y": "0.000",
        "_z": "0.000"
      },
      "initRot": {
        "roll": "0.000",
        "pitch": "0.000",
        "yaw": "0.000"
      },
      "isWaypointMode": true,
      "moveSpeed": 0.0,
      "activeDistance": 0.0,
      "waypointEventList": []
    },
    {
      "DataID": 40100029,
      "UNIQUEID": 172,
      "m_eobstacleObjType": 4,
      "pos": {
        "x": -117.60399627685547,
        "y": 113.9530029296875,
        "z": 0.0,
        "_x": "-117.604",
        "_y": "113.953",
        "_z": "0.000"
      },
      "rot": {
        "roll": "0.000",
        "pitch": "-0.001",
        "yaw": "92.275"
      },
      "scale": {
        "x": 1.8999999761581421,
        "y": 1.0,
        "z": 1.0,
        "_x": "1.900",
        "_y": "1.000",
        "_z": "1.000"
      },
      "initPos": {
        "x": 0.0,
        "y": 0.0,
        "z": 0.0,
        "_x": "0.000",
        "_y": "0.000",
        "_z": "0.000"
      },
      "initRot": {
        "roll": "0.000",
        "pitch": "0.000",
        "yaw": "0.000"
      },
      "isWaypointMode": true,
      "moveSpeed": 0.0,
      "activeDistance": 0.0,
      "waypointEventList": []
    },
    {
      "DataID": 40100029,
      "UNIQUEID": 166,
      "m_eobstacleObjType": 4,
      "pos": {
        "x": -140.17100524902344,
        "y": 114.12000274658203,
        "z": 0.0,
        "_x": "-140.171",
        "_y": "114.120",
        "_z": "0.000"
      },
      "rot": {
        "roll": "0.000",
        "pitch": "-0.001",
        "yaw": "92.272"
      },
      "scale": {
        "x": 1.8999999761581421,
        "y": 1.0,
        "z": 1.0,
        "_x": "1.900",
        "_y": "1.000",
        "_z": "1.000"
      },
      "initPos": {
        "x": 0.0,
        "y": 0.0,
        "z": 0.0,
        "_x": "0.000",
        "_y": "0.000",
        "_z": "0.000"
      },
      "initRot": {
        "roll": "0.000",
        "pitch": "0.000",
        "yaw": "0.000"
      },
      "isWaypointMode": true,
      "moveSpeed": 0.0,
      "activeDistance": 0.0,
      "waypointEventList": []
    },
    {
      "DataID": 40100029,
      "UNIQUEID": 168,
      "m_eobstacleObjType": 4,
      "pos": {
        "x": -134.51100158691406,
        "y": 114.07099914550781,
        "z": 0.0,
        "_x": "-134.511",
        "_y": "114.071",
        "_z": "0.000"
      },
      "rot": {
        "roll": "0.000",
        "pitch": "-0.001",
        "yaw": "92.279"
      },
      "scale": {
        "x": 1.8999999761581421,
        "y": 1.0,
        "z": 1.0,
        "_x": "1.900",
        "_y": "1.000",
        "_z": "1.000"
      },
      "initPos": {
        "x": 0.0,
        "y": 0.0,
        "z": 0.0,
        "_x": "0.000",
        "_y": "0.000",
        "_z": "0.000"
      },
      "initRot": {
        "roll": "0.000",
        "pitch": "0.000",
        "yaw": "0.000"
      },
      "isWaypointMode": true,
      "moveSpeed": 0.0,
      "activeDistance": 0.0,
      "waypointEventList": []
    },
    {
      "DataID": 40100029,
      "UNIQUEID": 162,
      "m_eobstacleObjType": 4,
      "pos": {
        "x": -150.22099304199219,
        "y": 90.146003723144531,
        "z": 0.0,
        "_x": "-150.221",
        "_y": "90.146",
        "_z": "0.000"
      },
      "rot": {
        "roll": "0.000",
        "pitch": "-0.002",
        "yaw": "-177.719"
      },
      "scale": {
        "x": 1.8999999761581421,
        "y": 1.0,
        "z": 1.0,
        "_x": "1.900",
        "_y": "1.000",
        "_z": "1.000"
      },
      "initPos": {
        "x": 0.0,
        "y": 0.0,
        "z": 0.0,
        "_x": "0.000",
        "_y": "0.000",
        "_z": "0.000"
      },
      "initRot": {
        "roll": "0.000",
        "pitch": "0.000",
        "yaw": "0.000"
      },
      "isWaypointMode": true,
      "moveSpeed": 0.0,
      "activeDistance": 0.0,
      "waypointEventList": []
    },
    {
      "DataID": 40100029,
      "UNIQUEID": 164,
      "m_eobstacleObjType": 4,
      "pos": {
        "x": -148.343994140625,
        "y": 113.07199859619141,
        "z": 0.0,
        "_x": "-148.344",
        "_y": "113.072",
        "_z": "0.000"
      },
      "rot": {
        "roll": "0.000",
        "pitch": "-0.002",
        "yaw": "137.294"
      },
      "scale": {
        "x": 1.8999999761581421,
        "y": 1.0,
        "z": 1.0,
        "_x": "1.900",
        "_y": "1.000",
        "_z": "1.000"
      },
      "initPos": {
        "x": 0.0,
        "y": 0.0,
        "z": 0.0,
        "_x": "0.000",
        "_y": "0.000",
        "_z": "0.000"
      },
      "initRot": {
        "roll": "0.000",
        "pitch": "0.000",
        "yaw": "0.000"
      },
      "isWaypointMode": true,
      "moveSpeed": 0.0,
      "activeDistance": 0.0,
      "waypointEventList": []
    },
    {
      "DataID": 40100029,
      "UNIQUEID": 160,
      "m_eobstacleObjType": 4,
      "pos": {
        "x": -150.18600463867188,
        "y": 84.140998840332031,
        "z": 0.0,
        "_x": "-150.186",
        "_y": "84.141",
        "_z": "0.000"
      },
      "rot": {
        "roll": "0.000",
        "pitch": "-0.002",
        "yaw": "-177.720"
      },
      "scale": {
        "x": 1.8999999761581421,
        "y": 1.0,
        "z": 1.0,
        "_x": "1.900",
        "_y": "1.000",
        "_z": "1.000"
      },
      "initPos": {
        "x": 0.0,
        "y": 0.0,
        "z": 0.0,
        "_x": "0.000",
        "_y": "0.000",
        "_z": "0.000"
      },
      "initRot": {
        "roll": "0.000",
        "pitch": "0.000",
        "yaw": "0.000"
      },
      "isWaypointMode": true,
      "moveSpeed": 0.0,
      "activeDistance": 0.0,
      "waypointEventList": []
    },
    {
      "DataID": 40100029,
      "UNIQUEID": 58,
      "m_eobstacleObjType": 4,
      "pos": {
        "x": -136.43299865722656,
        "y": 107.89600372314453,
        "z": 0.0,
        "_x": "-136.433",
        "_y": "107.896",
        "_z": "0.000"
      },
      "rot": {
        "roll": "0.000",
        "pitch": "-0.001",
        "yaw": "92.283"
      },
      "scale": {
        "x": 1.8999999761581421,
        "y": 1.0,
        "z": 1.0,
        "_x": "1.900",
        "_y": "1.000",
        "_z": "1.000"
      },
      "initPos": {
        "x": 0.0,
        "y": 0.0,
        "z": 0.0,
        "_x": "0.000",
        "_y": "0.000",
        "_z": "0.000"
      },
      "initRot": {
        "roll": "0.000",
        "pitch": "0.000",
        "yaw": "0.000"
      },
      "isWaypointMode": true,
      "moveSpeed": 0.0,
      "activeDistance": 0.0,
      "waypointEventList": []
    },
    {
      "DataID": 40100028,
      "UNIQUEID": 159,
      "m_eobstacleObjType": 4,
      "pos": {
        "x": -109.2239990234375,
        "y": 113.97200012207031,
        "z": 0.0,
        "_x": "-109.224",
        "_y": "113.972",
        "_z": "0.000"
      },
      "rot": {
        "roll": "0.000",
        "pitch": "-0.001",
        "yaw": "92.281"
      },
      "scale": {
        "x": 1.8999999761581421,
        "y": 1.0,
        "z": 1.0,
        "_x": "1.900",
        "_y": "1.000",
        "_z": "1.000"
      },
      "initPos": {
        "x": 0.0,
        "y": 0.0,
        "z": 0.0,
        "_x": "0.000",
        "_y": "0.000",
        "_z": "0.000"
      },
      "initRot": {
        "roll": "0.000",
        "pitch": "0.000",
        "yaw": "0.000"
      },
      "isWaypointMode": true,
      "moveSpeed": 0.0,
      "activeDistance": 0.0,
      "waypointEventList": []
    },
    {
      "DataID": 40100028,
      "UNIQUEID": 156,
      "m_eobstacleObjType": 4,
      "pos": {
        "x": -120.39499664306641,
        "y": 113.98799896240234,
        "z": 0.0,
        "_x": "-120.395",
        "_y": "113.988",
        "_z": "0.000"
      },
      "rot": {
        "roll": "0.000",
        "pitch": "-0.001",
        "yaw": "92.274"
      },
      "scale": {
        "x": 1.8999999761581421,
        "y": 1.0,
        "z": 1.0,
        "_x": "1.900",
        "_y": "1.000",
        "_z": "1.000"
      },
      "initPos": {
        "x": 0.0,
        "y": 0.0,
        "z": 0.0,
        "_x": "0.000",
        "_y": "0.000",
        "_z": "0.000"
      },
      "initRot": {
        "roll": "0.000",
        "pitch": "0.000",
        "yaw": "0.000"
      },
      "isWaypointMode": true,
      "moveSpeed": 0.0,
      "activeDistance": 0.0,
      "waypointEventList": []
    },
    {
      "DataID": 40100028,
      "UNIQUEID": 154,
      "m_eobstacleObjType": 4,
      "pos": {
        "x": -137.35400390625,
        "y": 114.09700012207031,
        "z": 0.0,
        "_x": "-137.354",
        "_y": "114.097",
        "_z": "0.000"
      },
      "rot": {
        "roll": "0.000",
        "pitch": "-0.001",
        "yaw": "92.272"
      },
      "scale": {
        "x": 1.8999999761581421,
        "y": 1.0,
        "z": 1.0,
        "_x": "1.900",
        "_y": "1.000",
        "_z": "1.000"
      },
      "initPos": {
        "x": 0.0,
        "y": 0.0,
        "z": 0.0,
        "_x": "0.000",
        "_y": "0.000",
        "_z": "0.000"
      },
      "initRot": {
        "roll": "0.000",
        "pitch": "0.000",
        "yaw": "0.000"
      },
      "isWaypointMode": true,
      "moveSpeed": 0.0,
      "activeDistance": 0.0,
      "waypointEventList": []
    },
    {
      "DataID": 40100027,
      "UNIQUEID": 9,
      "m_eobstacleObjType": 4,
      "pos": {
        "x": -147.94700622558594,
        "y": 45.481998443603516,
        "z": 0.0,
        "_x": "-147.947",
        "_y": "45.482",
        "_z": "0.000"
      },
      "rot": {
        "roll": "0.000",
        "pitch": "0.000",
        "yaw": "-87.721"
      },
      "scale": {
        "x": 1.0,
        "y": 1.0,
        "z": 1.0,
        "_x": "1.000",
        "_y": "1.000",
        "_z": "1.000"
      },
      "initPos": {
        "x": 0.0,
        "y": 0.0,
        "z": 0.0,
        "_x": "0.000",
        "_y": "0.000",
        "_z": "0.000"
      },
      "initRot": {
        "roll": "0.000",
        "pitch": "0.000",
        "yaw": "0.000"
      },
      "isWaypointMode": true,
      "moveSpeed": 0.0,
      "activeDistance": 0.0,
      "waypointEventList": []
    },
    {
      "DataID": 40100028,
      "UNIQUEID": 150,
      "m_eobstacleObjType": 4,
      "pos": {
        "x": -150.06100463867188,
        "y": 110.56999969482422,
        "z": 0.0,
        "_x": "-150.061",
        "_y": "110.570",
        "_z": "0.000"
      },
      "rot": {
        "roll": "0.000",
        "pitch": "-0.002",
        "yaw": "162.291"
      },
      "scale": {
        "x": 1.8999999761581421,
        "y": 1.0,
        "z": 1.0,
        "_x": "1.900",
        "_y": "1.000",
        "_z": "1.000"
      },
      "initPos": {
        "x": 0.0,
        "y": 0.0,
        "z": 0.0,
        "_x": "0.000",
        "_y": "0.000",
        "_z": "0.000"
      },
      "initRot": {
        "roll": "0.000",
        "pitch": "0.000",
        "yaw": "0.000"
      },
      "isWaypointMode": true,
      "moveSpeed": 0.0,
      "activeDistance": 0.0,
      "waypointEventList": []
    },
    {
      "DataID": 40100028,
      "UNIQUEID": 149,
      "m_eobstacleObjType": 4,
      "pos": {
        "x": -143.83000183105469,
        "y": 95.6969985961914,
        "z": 0.0,
        "_x": "-143.830",
        "_y": "95.697",
        "_z": "0.000"
      },
      "rot": {
        "roll": "0.000",
        "pitch": "-0.002",
        "yaw": "-177.718"
      },
      "scale": {
        "x": 1.8999999761581421,
        "y": 1.0,
        "z": 1.0,
        "_x": "1.900",
        "_y": "1.000",
        "_z": "1.000"
      },
      "initPos": {
        "x": 0.0,
        "y": 0.0,
        "z": 0.0,
        "_x": "0.000",
        "_y": "0.000",
        "_z": "0.000"
      },
      "initRot": {
        "roll": "0.000",
        "pitch": "0.000",
        "yaw": "0.000"
      },
      "isWaypointMode": true,
      "moveSpeed": 0.0,
      "activeDistance": 0.0,
      "waypointEventList": []
    },
    {
      "DataID": 40100028,
      "UNIQUEID": 148,
      "m_eobstacleObjType": 4,
      "pos": {
        "x": -150.25599670410156,
        "y": 93.0999984741211,
        "z": 0.0,
        "_x": "-150.256",
        "_y": "93.100",
        "_z": "0.000"
      },
      "rot": {
        "roll": "0.000",
        "pitch": "-0.002",
        "yaw": "-177.709"
      },
      "scale": {
        "x": 1.8999999761581421,
        "y": 1.0,
        "z": 1.0,
        "_x": "1.900",
        "_y": "1.000",
        "_z": "1.000"
      },
      "initPos": {
        "x": 0.0,
        "y": 0.0,
        "z": 0.0,
        "_x": "0.000",
        "_y": "0.000",
        "_z": "0.000"
      },
      "initRot": {
        "roll": "0.000",
        "pitch": "0.000",
        "yaw": "0.000"
      },
      "isWaypointMode": true,
      "moveSpeed": 0.0,
      "activeDistance": 0.0,
      "waypointEventList": []
    },
    {
      "DataID": 40100028,
      "UNIQUEID": 146,
      "m_eobstacleObjType": 4,
      "pos": {
        "x": -150.18699645996094,
        "y": 87.063003540039063,
        "z": 0.0,
        "_x": "-150.187",
        "_y": "87.063",
        "_z": "0.000"
      },
      "rot": {
        "roll": "0.000",
        "pitch": "-0.001",
        "yaw": "-177.724"
      },
      "scale": {
        "x": 1.8999999761581421,
        "y": 1.0,
        "z": 1.0,
        "_x": "1.900",
        "_y": "1.000",
        "_z": "1.000"
      },
      "initPos": {
        "x": 0.0,
        "y": 0.0,
        "z": 0.0,
        "_x": "0.000",
        "_y": "0.000",
        "_z": "0.000"
      },
      "initRot": {
        "roll": "0.000",
        "pitch": "0.000",
        "yaw": "0.000"
      },
      "isWaypointMode": true,
      "moveSpeed": 0.0,
      "activeDistance": 0.0,
      "waypointEventList": []
    },
    {
      "DataID": 40100028,
      "UNIQUEID": 144,
      "m_eobstacleObjType": 4,
      "pos": {
        "x": -150.20199584960938,
        "y": 81.042999267578125,
        "z": 0.0,
        "_x": "-150.202",
        "_y": "81.043",
        "_z": "0.000"
      },
      "rot": {
        "roll": "0.000",
        "pitch": "-0.002",
        "yaw": "-177.703"
      },
      "scale": {
        "x": 1.8999999761581421,
        "y": 1.0,
        "z": 1.0,
        "_x": "1.900",
        "_y": "1.000",
        "_z": "1.000"
      },
      "initPos": {
        "x": 0.0,
        "y": 0.0,
        "z": 0.0,
        "_x": "0.000",
        "_y": "0.000",
        "_z": "0.000"
      },
      "initRot": {
        "roll": "0.000",
        "pitch": "0.000",
        "yaw": "0.000"
      },
      "isWaypointMode": true,
      "moveSpeed": 0.0,
      "activeDistance": 0.0,
      "waypointEventList": []
    },
    {
      "DataID": 40100029,
      "UNIQUEID": 105,
      "m_eobstacleObjType": 4,
      "pos": {
        "x": -89.833000183105469,
        "y": 113.88200378417969,
        "z": 0.0,
        "_x": "-89.833",
        "_y": "113.882",
        "_z": "0.000"
      },
      "rot": {
        "roll": "0.000",
        "pitch": "-0.001",
        "yaw": "92.289"
      },
      "scale": {
        "x": 1.8999999761581421,
        "y": 1.0,
        "z": 1.0,
        "_x": "1.900",
        "_y": "1.000",
        "_z": "1.000"
      },
      "initPos": {
        "x": 0.0,
        "y": 0.0,
        "z": 0.0,
        "_x": "0.000",
        "_y": "0.000",
        "_z": "0.000"
      },
      "initRot": {
        "roll": "0.000",
        "pitch": "0.000",
        "yaw": "0.000"
      },
      "isWaypointMode": true,
      "moveSpeed": 0.0,
      "activeDistance": 0.0,
      "waypointEventList": []
    },
    {
      "DataID": 40100028,
      "UNIQUEID": 64,
      "m_eobstacleObjType": 4,
      "pos": {
        "x": -81.5,
        "y": 113.85900115966797,
        "z": 0.0,
        "_x": "-81.500",
        "_y": "113.859",
        "_z": "0.000"
      },
      "rot": {
        "roll": "0.000",
        "pitch": "-0.001",
        "yaw": "92.277"
      },
      "scale": {
        "x": 1.8999999761581421,
        "y": 1.0,
        "z": 1.0,
        "_x": "1.900",
        "_y": "1.000",
        "_z": "1.000"
      },
      "initPos": {
        "x": 0.0,
        "y": 0.0,
        "z": 0.0,
        "_x": "0.000",
        "_y": "0.000",
        "_z": "0.000"
      },
      "initRot": {
        "roll": "0.000",
        "pitch": "0.000",
        "yaw": "0.000"
      },
      "isWaypointMode": true,
      "moveSpeed": 0.0,
      "activeDistance": 0.0,
      "waypointEventList": []
    },
    {
      "DataID": 40100029,
      "UNIQUEID": 54,
      "m_eobstacleObjType": 4,
      "pos": {
        "x": -143.85000610351563,
        "y": 104.15699768066406,
        "z": 0.0,
        "_x": "-143.850",
        "_y": "104.157",
        "_z": "0.000"
      },
      "rot": {
        "roll": "0.000",
        "pitch": "-0.002",
        "yaw": "-177.717"
      },
      "scale": {
        "x": 1.8999999761581421,
        "y": 1.0,
        "z": 1.0,
        "_x": "1.900",
        "_y": "1.000",
        "_z": "1.000"
      },
      "initPos": {
        "x": 0.0,
        "y": 0.0,
        "z": 0.0,
        "_x": "0.000",
        "_y": "0.000",
        "_z": "0.000"
      },
      "initRot": {
        "roll": "0.000",
        "pitch": "0.000",
        "yaw": "0.000"
      },
      "isWaypointMode": true,
      "moveSpeed": 0.0,
      "activeDistance": 0.0,
      "waypointEventList": []
    },
    {
      "DataID": 40100028,
      "UNIQUEID": 100,
      "m_eobstacleObjType": 4,
      "pos": {
        "x": -92.635002136230469,
        "y": 113.89399719238281,
        "z": 0.0,
        "_x": "-92.635",
        "_y": "113.894",
        "_z": "0.000"
      },
      "rot": {
        "roll": "0.000",
        "pitch": "-0.001",
        "yaw": "92.278"
      },
      "scale": {
        "x": 1.8999999761581421,
        "y": 1.0,
        "z": 1.0,
        "_x": "1.900",
        "_y": "1.000",
        "_z": "1.000"
      },
      "initPos": {
        "x": 0.0,
        "y": 0.0,
        "z": 0.0,
        "_x": "0.000",
        "_y": "0.000",
        "_z": "0.000"
      },
      "initRot": {
        "roll": "0.000",
        "pitch": "0.000",
        "yaw": "0.000"
      },
      "isWaypointMode": true,
      "moveSpeed": 0.0,
      "activeDistance": 0.0,
      "waypointEventList": []
    },
    {
      "DataID": 40100029,
      "UNIQUEID": 99,
      "m_eobstacleObjType": 4,
      "pos": {
        "x": -143.80400085449219,
        "y": 86.639999389648438,
        "z": 0.0,
        "_x": "-143.804",
        "_y": "86.640",
        "_z": "0.000"
      },
      "rot": {
        "roll": "0.000",
        "pitch": "-0.002",
        "yaw": "-177.718"
      },
      "scale": {
        "x": 1.9299999475479126,
        "y": 1.0,
        "z": 1.0,
        "_x": "1.930",
        "_y": "1.000",
        "_z": "1.000"
      },
      "initPos": {
        "x": 0.0,
        "y": 0.0,
        "z": 0.0,
        "_x": "0.000",
        "_y": "0.000",
        "_z": "0.000"
      },
      "initRot": {
        "roll": "0.000",
        "pitch": "0.000",
        "yaw": "0.000"
      },
      "isWaypointMode": true,
      "moveSpeed": 0.0,
      "activeDistance": 0.0,
      "waypointEventList": []
    },
    {
      "DataID": 40100028,
      "UNIQUEID": 96,
      "m_eobstacleObjType": 4,
      "pos": {
        "x": -143.81199645996094,
        "y": 89.688003540039063,
        "z": 0.0,
        "_x": "-143.812",
        "_y": "89.688",
        "_z": "0.000"
      },
      "rot": {
        "roll": "0.000",
        "pitch": "-0.001",
        "yaw": "-177.716"
      },
      "scale": {
        "x": 1.8999999761581421,
        "y": 1.0,
        "z": 1.0,
        "_x": "1.900",
        "_y": "1.000",
        "_z": "1.000"
      },
      "initPos": {
        "x": 0.0,
        "y": 0.0,
        "z": 0.0,
        "_x": "0.000",
        "_y": "0.000",
        "_z": "0.000"
      },
      "initRot": {
        "roll": "0.000",
        "pitch": "0.000",
        "yaw": "0.000"
      },
      "isWaypointMode": true,
      "moveSpeed": 0.0,
      "activeDistance": 0.0,
      "waypointEventList": []
    },
    {
      "DataID": 40100028,
      "UNIQUEID": 90,
      "m_eobstacleObjType": 4,
      "pos": {
        "x": -106.052001953125,
        "y": 107.77799987792969,
        "z": 0.0,
        "_x": "-106.052",
        "_y": "107.778",
        "_z": "0.000"
      },
      "rot": {
        "roll": "0.000",
        "pitch": "-0.001",
        "yaw": "92.286"
      },
      "scale": {
        "x": 1.8999999761581421,
        "y": 1.0,
        "z": 1.0,
        "_x": "1.900",
        "_y": "1.000",
        "_z": "1.000"
      },
      "initPos": {
        "x": 0.0,
        "y": 0.0,
        "z": 0.0,
        "_x": "0.000",
        "_y": "0.000",
        "_z": "0.000"
      },
      "initRot": {
        "roll": "0.000",
        "pitch": "0.000",
        "yaw": "0.000"
      },
      "isWaypointMode": true,
      "moveSpeed": 0.0,
      "activeDistance": 0.0,
      "waypointEventList": []
    },
    {
      "DataID": 40100028,
      "UNIQUEID": 88,
      "m_eobstacleObjType": 4,
      "pos": {
        "x": -111.63300323486328,
        "y": 107.7760009765625,
        "z": 0.0,
        "_x": "-111.633",
        "_y": "107.776",
        "_z": "0.000"
      },
      "rot": {
        "roll": "0.000",
        "pitch": "-0.001",
        "yaw": "92.280"
      },
      "scale": {
        "x": 1.8999999761581421,
        "y": 1.0,
        "z": 1.0,
        "_x": "1.900",
        "_y": "1.000",
        "_z": "1.000"
      },
      "initPos": {
        "x": 0.0,
        "y": 0.0,
        "z": 0.0,
        "_x": "0.000",
        "_y": "0.000",
        "_z": "0.000"
      },
      "initRot": {
        "roll": "0.000",
        "pitch": "0.000",
        "yaw": "0.000"
      },
      "isWaypointMode": true,
      "moveSpeed": 0.0,
      "activeDistance": 0.0,
      "waypointEventList": []
    },
    {
      "DataID": 40100028,
      "UNIQUEID": 86,
      "m_eobstacleObjType": 4,
      "pos": {
        "x": -117.14399719238281,
        "y": 107.78900146484375,
        "z": 0.0,
        "_x": "-117.144",
        "_y": "107.789",
        "_z": "0.000"
      },
      "rot": {
        "roll": "0.000",
        "pitch": "-0.001",
        "yaw": "92.276"
      },
      "scale": {
        "x": 1.8999999761581421,
        "y": 1.0,
        "z": 1.0,
        "_x": "1.900",
        "_y": "1.000",
        "_z": "1.000"
      },
      "initPos": {
        "x": 0.0,
        "y": 0.0,
        "z": 0.0,
        "_x": "0.000",
        "_y": "0.000",
        "_z": "0.000"
      },
      "initRot": {
        "roll": "0.000",
        "pitch": "0.000",
        "yaw": "0.000"
      },
      "isWaypointMode": true,
      "moveSpeed": 0.0,
      "activeDistance": 0.0,
      "waypointEventList": []
    },
    {
      "DataID": 40100028,
      "UNIQUEID": 84,
      "m_eobstacleObjType": 4,
      "pos": {
        "x": -122.63500213623047,
        "y": 107.83799743652344,
        "z": 0.0,
        "_x": "-122.635",
        "_y": "107.838",
        "_z": "0.000"
      },
      "rot": {
        "roll": "0.000",
        "pitch": "-0.001",
        "yaw": "92.279"
      },
      "scale": {
        "x": 1.8999999761581421,
        "y": 1.0,
        "z": 1.0,
        "_x": "1.900",
        "_y": "1.000",
        "_z": "1.000"
      },
      "initPos": {
        "x": 0.0,
        "y": 0.0,
        "z": 0.0,
        "_x": "0.000",
        "_y": "0.000",
        "_z": "0.000"
      },
      "initRot": {
        "roll": "0.000",
        "pitch": "0.000",
        "yaw": "0.000"
      },
      "isWaypointMode": true,
      "moveSpeed": 0.0,
      "activeDistance": 0.0,
      "waypointEventList": []
    },
    {
      "DataID": 40100028,
      "UNIQUEID": 83,
      "m_eobstacleObjType": 4,
      "pos": {
        "x": -128.18800354003906,
        "y": 107.89499664306641,
        "z": 0.0,
        "_x": "-128.188",
        "_y": "107.895",
        "_z": "0.000"
      },
      "rot": {
        "roll": "0.000",
        "pitch": "-0.001",
        "yaw": "92.270"
      },
      "scale": {
        "x": 1.8999999761581421,
        "y": 1.0,
        "z": 1.0,
        "_x": "1.900",
        "_y": "1.000",
        "_z": "1.000"
      },
      "initPos": {
        "x": 0.0,
        "y": 0.0,
        "z": 0.0,
        "_x": "0.000",
        "_y": "0.000",
        "_z": "0.000"
      },
      "initRot": {
        "roll": "0.000",
        "pitch": "0.000",
        "yaw": "0.000"
      },
      "isWaypointMode": true,
      "moveSpeed": 0.0,
      "activeDistance": 0.0,
      "waypointEventList": []
    },
    {
      "DataID": 40100028,
      "UNIQUEID": 81,
      "m_eobstacleObjType": 4,
      "pos": {
        "x": -133.66900634765625,
        "y": 107.89499664306641,
        "z": 0.0,
        "_x": "-133.669",
        "_y": "107.895",
        "_z": "0.000"
      },
      "rot": {
        "roll": "0.000",
        "pitch": "-0.001",
        "yaw": "92.285"
      },
      "scale": {
        "x": 1.8999999761581421,
        "y": 1.0,
        "z": 1.0,
        "_x": "1.900",
        "_y": "1.000",
        "_z": "1.000"
      },
      "initPos": {
        "x": 0.0,
        "y": 0.0,
        "z": 0.0,
        "_x": "0.000",
        "_y": "0.000",
        "_z": "0.000"
      },
      "initRot": {
        "roll": "0.000",
        "pitch": "0.000",
        "yaw": "0.000"
      },
      "isWaypointMode": true,
      "moveSpeed": 0.0,
      "activeDistance": 0.0,
      "waypointEventList": []
    },
    {
      "DataID": 40100028,
      "UNIQUEID": 79,
      "m_eobstacleObjType": 4,
      "pos": {
        "x": -139.24000549316406,
        "y": 107.98899841308594,
        "z": 0.0,
        "_x": "-139.240",
        "_y": "107.989",
        "_z": "0.000"
      },
      "rot": {
        "roll": "0.000",
        "pitch": "-0.001",
        "yaw": "92.274"
      },
      "scale": {
        "x": 1.8999999761581421,
        "y": 1.0,
        "z": 1.0,
        "_x": "1.900",
        "_y": "1.000",
        "_z": "1.000"
      },
      "initPos": {
        "x": 0.0,
        "y": 0.0,
        "z": 0.0,
        "_x": "0.000",
        "_y": "0.000",
        "_z": "0.000"
      },
      "initRot": {
        "roll": "0.000",
        "pitch": "0.000",
        "yaw": "0.000"
      },
      "isWaypointMode": true,
      "moveSpeed": 0.0,
      "activeDistance": 0.0,
      "waypointEventList": []
    },
    {
      "DataID": 40100028,
      "UNIQUEID": 77,
      "m_eobstacleObjType": 4,
      "pos": {
        "x": -142.27200317382813,
        "y": 106.88899993896484,
        "z": 0.0,
        "_x": "-142.272",
        "_y": "106.889",
        "_z": "0.000"
      },
      "rot": {
        "roll": "0.000",
        "pitch": "-0.001",
        "yaw": "122.265"
      },
      "scale": {
        "x": 2.2999999523162842,
        "y": 1.0,
        "z": 1.0,
        "_x": "2.300",
        "_y": "1.000",
        "_z": "1.000"
      },
      "initPos": {
        "x": 0.0,
        "y": 0.0,
        "z": 0.0,
        "_x": "0.000",
        "_y": "0.000",
        "_z": "0.000"
      },
      "initRot": {
        "roll": "0.000",
        "pitch": "0.000",
        "yaw": "0.000"
      },
      "isWaypointMode": true,
      "moveSpeed": 0.0,
      "activeDistance": 0.0,
      "waypointEventList": []
    },
    {
      "DataID": 40100028,
      "UNIQUEID": 76,
      "m_eobstacleObjType": 4,
      "pos": {
        "x": -150.35299682617188,
        "y": 98.847000122070313,
        "z": 0.0,
        "_x": "-150.353",
        "_y": "98.847",
        "_z": "0.000"
      },
      "rot": {
        "roll": "0.000",
        "pitch": "-0.001",
        "yaw": "-177.722"
      },
      "scale": {
        "x": 1.8999999761581421,
        "y": 1.0,
        "z": 1.0,
        "_x": "1.900",
        "_y": "1.000",
        "_z": "1.000"
      },
      "initPos": {
        "x": 0.0,
        "y": 0.0,
        "z": 0.0,
        "_x": "0.000",
        "_y": "0.000",
        "_z": "0.000"
      },
      "initRot": {
        "roll": "0.000",
        "pitch": "0.000",
        "yaw": "0.000"
      },
      "isWaypointMode": true,
      "moveSpeed": 0.0,
      "activeDistance": 0.0,
      "waypointEventList": []
    },
    {
      "DataID": 40100028,
      "UNIQUEID": 74,
      "m_eobstacleObjType": 4,
      "pos": {
        "x": -143.77000427246094,
        "y": 83.818000793457031,
        "z": 0.0,
        "_x": "-143.770",
        "_y": "83.818",
        "_z": "0.000"
      },
      "rot": {
        "roll": "0.000",
        "pitch": "-0.002",
        "yaw": "-176.860"
      },
      "scale": {
        "x": 1.8999999761581421,
        "y": 1.0,
        "z": 1.0,
        "_x": "1.900",
        "_y": "1.000",
        "_z": "1.000"
      },
      "initPos": {
        "x": 0.0,
        "y": 0.0,
        "z": 0.0,
        "_x": "0.000",
        "_y": "0.000",
        "_z": "0.000"
      },
      "initRot": {
        "roll": "0.000",
        "pitch": "0.000",
        "yaw": "0.000"
      },
      "isWaypointMode": true,
      "moveSpeed": 0.0,
      "activeDistance": 0.0,
      "waypointEventList": []
    },
    {
      "DataID": 40100029,
      "UNIQUEID": 71,
      "m_eobstacleObjType": 4,
      "pos": {
        "x": -97.787002563476563,
        "y": 107.73600006103516,
        "z": 0.0,
        "_x": "-97.787",
        "_y": "107.736",
        "_z": "0.000"
      },
      "rot": {
        "roll": "0.000",
        "pitch": "-0.001",
        "yaw": "92.281"
      },
      "scale": {
        "x": 1.8999999761581421,
        "y": 1.0,
        "z": 1.0,
        "_x": "1.900",
        "_y": "1.000",
        "_z": "1.000"
      },
      "initPos": {
        "x": 0.0,
        "y": 0.0,
        "z": 0.0,
        "_x": "0.000",
        "_y": "0.000",
        "_z": "0.000"
      },
      "initRot": {
        "roll": "0.000",
        "pitch": "0.000",
        "yaw": "0.000"
      },
      "isWaypointMode": true,
      "moveSpeed": 0.0,
      "activeDistance": 0.0,
      "waypointEventList": []
    },
    {
      "DataID": 40100029,
      "UNIQUEID": 67,
      "m_eobstacleObjType": 4,
      "pos": {
        "x": -108.86100006103516,
        "y": 107.78099822998047,
        "z": 0.0,
        "_x": "-108.861",
        "_y": "107.781",
        "_z": "0.000"
      },
      "rot": {
        "roll": "0.000",
        "pitch": "-0.001",
        "yaw": "92.279"
      },
      "scale": {
        "x": 1.8999999761581421,
        "y": 1.0,
        "z": 1.0,
        "_x": "1.900",
        "_y": "1.000",
        "_z": "1.000"
      },
      "initPos": {
        "x": 0.0,
        "y": 0.0,
        "z": 0.0,
        "_x": "0.000",
        "_y": "0.000",
        "_z": "0.000"
      },
      "initRot": {
        "roll": "0.000",
        "pitch": "0.000",
        "yaw": "0.000"
      },
      "isWaypointMode": true,
      "moveSpeed": 0.0,
      "activeDistance": 0.0,
      "waypointEventList": []
    },
    {
      "DataID": 40100029,
      "UNIQUEID": 65,
      "m_eobstacleObjType": 4,
      "pos": {
        "x": -114.39600372314453,
        "y": 107.76999664306641,
        "z": 0.0,
        "_x": "-114.396",
        "_y": "107.770",
        "_z": "0.000"
      },
      "rot": {
        "roll": "0.000",
        "pitch": "-0.001",
        "yaw": "92.284"
      },
      "scale": {
        "x": 1.8999999761581421,
        "y": 1.0,
        "z": 1.0,
        "_x": "1.900",
        "_y": "1.000",
        "_z": "1.000"
      },
      "initPos": {
        "x": 0.0,
        "y": 0.0,
        "z": 0.0,
        "_x": "0.000",
        "_y": "0.000",
        "_z": "0.000"
      },
      "initRot": {
        "roll": "0.000",
        "pitch": "0.000",
        "yaw": "0.000"
      },
      "isWaypointMode": true,
      "moveSpeed": 0.0,
      "activeDistance": 0.0,
      "waypointEventList": []
    },
    {
      "DataID": 40100029,
      "UNIQUEID": 63,
      "m_eobstacleObjType": 4,
      "pos": {
        "x": -119.88999938964844,
        "y": 107.82499694824219,
        "z": 0.0,
        "_x": "-119.890",
        "_y": "107.825",
        "_z": "0.000"
      },
      "rot": {
        "roll": "0.000",
        "pitch": "-0.001",
        "yaw": "92.275"
      },
      "scale": {
        "x": 1.8999999761581421,
        "y": 1.0,
        "z": 1.0,
        "_x": "1.900",
        "_y": "1.000",
        "_z": "1.000"
      },
      "initPos": {
        "x": 0.0,
        "y": 0.0,
        "z": 0.0,
        "_x": "0.000",
        "_y": "0.000",
        "_z": "0.000"
      },
      "initRot": {
        "roll": "0.000",
        "pitch": "0.000",
        "yaw": "0.000"
      },
      "isWaypointMode": true,
      "moveSpeed": 0.0,
      "activeDistance": 0.0,
      "waypointEventList": []
    },
    {
      "DataID": 40100029,
      "UNIQUEID": 60,
      "m_eobstacleObjType": 4,
      "pos": {
        "x": -131.00799560546875,
        "y": 107.87000274658203,
        "z": 0.0,
        "_x": "-131.008",
        "_y": "107.870",
        "_z": "0.000"
      },
      "rot": {
        "roll": "0.000",
        "pitch": "-0.001",
        "yaw": "92.277"
      },
      "scale": {
        "x": 1.8999999761581421,
        "y": 1.0,
        "z": 1.0,
        "_x": "1.900",
        "_y": "1.000",
        "_z": "1.000"
      },
      "initPos": {
        "x": 0.0,
        "y": 0.0,
        "z": 0.0,
        "_x": "0.000",
        "_y": "0.000",
        "_z": "0.000"
      },
      "initRot": {
        "roll": "0.000",
        "pitch": "0.000",
        "yaw": "0.000"
      },
      "isWaypointMode": true,
      "moveSpeed": 0.0,
      "activeDistance": 0.0,
      "waypointEventList": []
    },
    {
      "DataID": 40100027,
      "UNIQUEID": 42,
      "m_eobstacleObjType": 4,
      "pos": {
        "x": -147.9530029296875,
        "y": 50.7869987487793,
        "z": 0.0,
        "_x": "-147.953",
        "_y": "50.787",
        "_z": "0.000"
      },
      "rot": {
        "roll": "-359.980",
        "pitch": "0.010",
        "yaw": "-84.306"
      },
      "scale": {
        "x": 1.0,
        "y": 1.0,
        "z": 1.0,
        "_x": "1.000",
        "_y": "1.000",
        "_z": "1.000"
      },
      "initPos": {
        "x": 0.0,
        "y": 0.0,
        "z": 0.0,
        "_x": "0.000",
        "_y": "0.000",
        "_z": "0.000"
      },
      "initRot": {
        "roll": "0.000",
        "pitch": "0.000",
        "yaw": "0.000"
      },
      "isWaypointMode": true,
      "moveSpeed": 0.0,
      "activeDistance": 0.0,
      "waypointEventList": []
    },
    {
      "DataID": 40100027,
      "UNIQUEID": 44,
      "m_eobstacleObjType": 4,
      "pos": {
        "x": -148.03399658203125,
        "y": 56.366001129150391,
        "z": 0.0,
        "_x": "-148.034",
        "_y": "56.366",
        "_z": "0.000"
      },
      "rot": {
        "roll": "-359.980",
        "pitch": "0.010",
        "yaw": "-84.306"
      },
      "scale": {
        "x": 1.0,
        "y": 1.0,
        "z": 1.0,
        "_x": "1.000",
        "_y": "1.000",
        "_z": "1.000"
      },
      "initPos": {
        "x": 0.0,
        "y": 0.0,
        "z": 0.0,
        "_x": "0.000",
        "_y": "0.000",
        "_z": "0.000"
      },
      "initRot": {
        "roll": "0.000",
        "pitch": "0.000",
        "yaw": "0.000"
      },
      "isWaypointMode": true,
      "moveSpeed": 0.0,
      "activeDistance": 0.0,
      "waypointEventList": []
    }
  ],
  "spawnPointList": [
    {
      "DataID": 90100001,
      "UNIQUEID": 2,
      "m_eobstacleObjType": 5,
      "pos": {
        "x": -111.96600341796875,
        "y": -1.5119999647140503,
        "z": 0.0,
        "_x": "-111.966",
        "_y": "-1.512",
        "_z": "0.000"
      },
      "rot": {
        "roll": "0.000",
        "pitch": "0.000",
        "yaw": "-166.998"
      },
      "scale": {
        "x": 1.0,
        "y": 1.0,
        "z": 1.0,
        "_x": "1.000",
        "_y": "1.000",
        "_z": "1.000"
      },
      "spawnVehicleTypeID": 30100003,
      "listVehicleLengthType": [
        2
      ],
      "isCloseLoop": false,
      "isLaneChange": false,
      "ParameterType": 2,
      "maximumSpawnVehicle": 50,
      "minSpawnPeriod": 10.0,
      "maxSpawnPeriod": 10.0,
      "SpawnVelocityType": 2,
      "MinSpawnVelocity_Custom": 3.0,
      "MaxSpawnVelocity_Custom": 3.0,
      "MinSpawnVelocity_Link": 0.0,
      "MaxSpawnVelocity_Link": 10.0,
      "DesiredVelocityType": 2,
      "MinDesiredVelocity_Custom": 10.0,
      "MaxDesiredVelocity_Custom": 10.0,
      "MinDesiredVelocity_Link": 85.0,
      "MaxDesiredVelocity_Link": 100.0,
      "spawnedVehiclesCount": 0,
      "isSpawning": false,
      "waitSpawnTime": 4.1456460952758789,
      "destinationObjUniqueID": 4,
      "startLinkInfo": {
        "linkIdx": "13",
        "pointIdx": 2
      },
      "endLinkInfo": {
        "linkIdx": "138",
        "pointIdx": 12
      },
      "latBiasMode": 2,
      "MinLatBias": 0.0,
      "MaxLatBias": 0.0,
      "DestinationMode": 1,
      "NPCSpawnType": 1,
      "SafetyDist": 5.0,
      "TTC": 1.0,
      "sPAWNPOINT_SETTING_MODE": 1,
      "rANDOMPOINT_LIFE_MODE": 0
    },
    {
      "DataID": 90100001,
      "UNIQUEID": 3,
      "m_eobstacleObjType": 5,
      "pos": {
        "x": 14.100000381469727,
        "y": 81.252998352050781,
        "z": 0.0,
        "_x": "14.100",
        "_y": "81.253",
        "_z": "0.000"
      },
      "rot": {
        "roll": "0.000",
        "pitch": "0.000",
        "yaw": "94.126"
      },
      "scale": {
        "x": 1.0,
        "y": 1.0,
        "z": 1.0,
        "_x": "1.000",
        "_y": "1.000",
        "_z": "1.000"
      },
      "spawnVehicleTypeID": 30200003,
      "listVehicleLengthType": [
        2
      ],
      "isCloseLoop": false,
      "isLaneChange": false,
      "ParameterType": 2,
      "maximumSpawnVehicle": 50,
      "minSpawnPeriod": 11.0,
      "maxSpawnPeriod": 11.0,
      "SpawnVelocityType": 2,
      "MinSpawnVelocity_Custom": 3.0,
      "MaxSpawnVelocity_Custom": 3.0,
      "MinSpawnVelocity_Link": 0.0,
      "MaxSpawnVelocity_Link": 10.0,
      "DesiredVelocityType": 2,
      "MinDesiredVelocity_Custom": 10.0,
      "MaxDesiredVelocity_Custom": 10.0,
      "MinDesiredVelocity_Link": 85.0,
      "MaxDesiredVelocity_Link": 100.0,
      "spawnedVehiclesCount": 0,
      "isSpawning": false,
      "waitSpawnTime": 5.14564847946167,
      "destinationObjUniqueID": 5,
      "startLinkInfo": {
        "linkIdx": "135",
        "pointIdx": 166
      },
      "endLinkInfo": {
        "linkIdx": "189",
        "pointIdx": 8
      },
      "latBiasMode": 2,
      "MinLatBias": 0.0,
      "MaxLatBias": 0.0,
      "DestinationMode": 1,
      "NPCSpawnType": 1,
      "SafetyDist": 5.0,
      "TTC": 1.0,
      "sPAWNPOINT_SETTING_MODE": 1,
      "rANDOMPOINT_LIFE_MODE": 0
    }
  ],
  "tlList": [
    {
      "index": 0,
      "state": 2,
      "deltaTime": 26.202121734619141
    },
    {
      "index": 1,
      "state": 2,
      "deltaTime": 26.202121734619141
    },
    {
      "index": 2,
      "state": 0,
      "deltaTime": 26.202121734619141
    }
  ],
  "mapInfo": {
    "mapName": "R_KR_PR_SeongnamCityHall",
    "eastOffset": 0.0,
    "northOffset": 0.0,
    "globalCoordinateSystem": "",
    "scenarioCoordinateSystem": "ENU"
  },
  "v2IInfo": {
    "isAlive": false,
    "acceptIp": "127.0.0.1",
    "acceptPort": 5000,
    "v2vIP": "127.0.0.1"
  },
  "pedspawnPointList": [],
  "aiPedstrianList": [],
  "shadedAreaList": [
    {
      "DataID": 110200001,
      "UNIQUEID": 11,
      "m_eobstacleObjType": 12,
      "pos": {
        "x": -117.73300170898438,
        "y": 99.110000610351563,
        "z": 0.66399997472763062,
        "_x": "-117.733",
        "_y": "99.110",
        "_z": "0.664"
      },
      "rot": {
        "roll": "0.000",
        "pitch": "0.000",
        "yaw": "-90.203"
      },
      "size": {
        "x": 81.0719985961914,
        "y": 2.2790000438690186,
        "z": 39.606998443603516,
        "_x": "81.072",
        "_y": "2.279",
        "_z": "39.607"
      },
      "noiseDatas": [
        {
          "sensorType": 4,
          "noiseType": 1,
          "isActivated": false,
          "gaussianMean": 0.0,
          "gaussianStdev": 0.0,
          "isActivatedBI": false,
          "biStdevs": [
            0.0,
            0.0,
            0.0,
            0.0,
            0.0,
            0.0
          ],
          "biCorrelationTimes": [
            0.0,
            0.0,
            0.0,
            0.0,
            0.0,
            0.0
          ],
          "isActivatedRW": false,
          "rwStdevs": [
            0.0,
            0.0,
            0.0,
            0.0,
            0.0,
            0.0
          ],
          "isActivatedWG": false,
          "wgStdevs": [
            0.0,
            0.0,
            0.0,
            0.0,
            0.0,
            0.0
          ]
        }
      ]
    }
  ],
  "frictionChangeMaterialList": [],
  "waypointDataList": [
    {
      "pathName": "ObstaclePath - 16",
      "waypointData": []
    },
    {
      "pathName": "PedPath - 8",
      "waypointData": [
        {
          "pos": {
            "x": 52.528999328613281,
            "y": 0.20000000298023224,
            "z": -121.26000213623047,
            "_x": "52.529",
            "_y": "0.200",
            "_z": "-121.260"
          },
          "rot": {
            "roll": "0.000",
            "pitch": "0.000",
            "yaw": "0.000"
          }
        },
        {
          "pos": {
            "x": 52.925998687744141,
            "y": 0.0,
            "z": -104.28700256347656,
            "_x": "52.926",
            "_y": "0.000",
            "_z": "-104.287"
          },
          "rot": {
            "roll": "0.000",
            "pitch": "0.000",
            "yaw": "0.000"
          }
        }
      ]
    },
    {
      "pathName": "PedPath - 7",
      "waypointData": [
        {
          "pos": {
            "x": 7.679999828338623,
            "y": 0.0,
            "z": -103.65000152587891,
            "_x": "7.680",
            "_y": "0.000",
            "_z": "-103.650"
          },
          "rot": {
            "roll": "0.000",
            "pitch": "0.000",
            "yaw": "0.000"
          }
        },
        {
          "pos": {
            "x": 8.0950002670288086,
            "y": 0.0,
            "z": -118.98600006103516,
            "_x": "8.095",
            "_y": "0.000",
            "_z": "-118.986"
          },
          "rot": {
            "roll": "0.000",
            "pitch": "0.000",
            "yaw": "0.000"
          }
        }
      ]
    },
    {
      "pathName": "ObstaclePath - 42",
      "waypointData": []
    },
    {
      "pathName": "ObstaclePath - 44",
      "waypointData": []
    },
    {
      "pathName": "ObstaclePath - 45",
      "waypointData": []
    },
    {
      "pathName": "ObstaclePath - 50",
      "waypointData": []
    },
    {
      "pathName": "ObstaclePath - 52",
      "waypointData": []
    },
    {
      "pathName": "ObstaclePath - 54",
      "waypointData": []
    },
    {
      "pathName": "ObstaclePath - 9",
      "waypointData": []
    },
    {
      "pathName": "ObstaclePath - 58",
      "waypointData": []
    },
    {
      "pathName": "ObstaclePath - 60",
      "waypointData": []
    },
    {
      "pathName": "ObstaclePath - 63",
      "waypointData": []
    },
    {
      "pathName": "ObstaclePath - 65",
      "waypointData": []
    },
    {
      "pathName": "ObstaclePath - 67",
      "waypointData": []
    },
    {
      "pathName": "ObstaclePath - 69",
      "waypointData": []
    },
    {
      "pathName": "ObstaclePath - 71",
      "waypointData": []
    },
    {
      "pathName": "ObstaclePath - 74",
      "waypointData": []
    },
    {
      "pathName": "ObstaclePath - 76",
      "waypointData": []
    },
    {
      "pathName": "ObstaclePath - 77",
      "waypointData": []
    },
    {
      "pathName": "ObstaclePath - 79",
      "waypointData": []
    },
    {
      "pathName": "ObstaclePath - 81",
      "waypointData": []
    },
    {
      "pathName": "ObstaclePath - 83",
      "waypointData": []
    },
    {
      "pathName": "ObstaclePath - 84",
      "waypointData": []
    },
    {
      "pathName": "ObstaclePath - 86",
      "waypointData": []
    },
    {
      "pathName": "ObstaclePath - 88",
      "waypointData": []
    },
    {
      "pathName": "ObstaclePath - 90",
      "waypointData": []
    },
    {
      "pathName": "ObstaclePath - 94",
      "waypointData": []
    },
    {
      "pathName": "ObstaclePath - 96",
      "waypointData": []
    },
    {
      "pathName": "ObstaclePath - 99",
      "waypointData": []
    },
    {
      "pathName": "ObstaclePath - 100",
      "waypointData": []
    },
    {
      "pathName": "ObstaclePath - 105",
      "waypointData": []
    },
    {
      "pathName": "ObstaclePath - 125",
      "waypointData": []
    },
    {
      "pathName": "ObstaclePath - 144",
      "waypointData": []
    },
    {
      "pathName": "ObstaclePath - 146",
      "waypointData": []
    },
    {
      "pathName": "ObstaclePath - 148",
      "waypointData": []
    },
    {
      "pathName": "ObstaclePath - 149",
      "waypointData": []
    },
    {
      "pathName": "ObstaclePath - 150",
      "waypointData": []
    },
    {
      "pathName": "ObstaclePath - 10",
      "waypointData": []
    },
    {
      "pathName": "ObstaclePath - 154",
      "waypointData": []
    },
    {
      "pathName": "ObstaclePath - 156",
      "waypointData": []
    },
    {
      "pathName": "ObstaclePath - 159",
      "waypointData": []
    },
    {
      "pathName": "ObstaclePath - 160",
      "waypointData": []
    },
    {
      "pathName": "ObstaclePath - 162",
      "waypointData": []
    },
    {
      "pathName": "ObstaclePath - 164",
      "waypointData": []
    },
    {
      "pathName": "ObstaclePath - 166",
      "waypointData": []
    },
    {
      "pathName": "ObstaclePath - 168",
      "waypointData": []
    },
    {
      "pathName": "ObstaclePath - 170",
      "waypointData": []
    },
    {
      "pathName": "ObstaclePath - 172",
      "waypointData": []
    },
    {
      "pathName": "ObstaclePath - 173",
      "waypointData": []
    },
    {
      "pathName": "ObstaclePath - 174",
      "waypointData": []
    },
    {
      "pathName": "ObstaclePath - 177",
      "waypointData": []
    },
    {
      "pathName": "ObstaclePath - 178",
      "waypointData": []
    },
    {
      "pathName": "ObstaclePath - 180",
      "waypointData": []
    },
    {
      "pathName": "ObstaclePath - 182",
      "waypointData": []
    },
    {
      "pathName": "ObstaclePath - 184",
      "waypointData": []
    },
    {
      "pathName": "ObstaclePath - 186",
      "waypointData": []
    },
    {
      "pathName": "ObstaclePath - 189",
      "waypointData": []
    },
    {
      "pathName": "ObstaclePath - 192",
      "waypointData": []
    },
    {
      "pathName": "ObstaclePath - 194",
      "waypointData": []
    },
    {
      "pathName": "ObstaclePath - 195",
      "waypointData": []
    },
    {
      "pathName": "ObstaclePath - 196",
      "waypointData": []
    },
    {
      "pathName": "ObstaclePath - 198",
      "waypointData": []
    },
    {
      "pathName": "ObstaclePath - 201",
      "waypointData": []
    },
    {
      "pathName": "ObstaclePath - 203",
      "waypointData": []
    },
    {
      "pathName": "ObstaclePath - 204",
      "waypointData": []
    },
    {
      "pathName": "ObstaclePath - 205",
      "waypointData": []
    },
    {
      "pathName": "ObstaclePath - 207",
      "waypointData": []
    },
    {
      "pathName": "ObstaclePath - 209",
      "waypointData": []
    },
    {
      "pathName": "ObstaclePath - 211",
      "waypointData": []
    },
    {
      "pathName": "PedPath - 218",
      "waypointData": [
        {
          "pos": {
            "x": 143.15899658203125,
            "y": 0.0,
            "z": -78.581001281738281,
            "_x": "143.159",
            "_y": "0.000",
            "_z": "-78.581"
          },
          "rot": {
            "roll": "0.000",
            "pitch": "0.000",
            "yaw": "0.000"
          }
        }
      ]
    },
    {
      "pathName": "PedPath - 247",
      "waypointData": [
        {
          "pos": {
            "x": 93.904998779296875,
            "y": 0.0,
            "z": -90.0199966430664,
            "_x": "93.905",
            "_y": "0.000",
            "_z": "-90.020"
          },
          "rot": {
            "roll": "0.000",
            "pitch": "0.000",
            "yaw": "0.000"
          }
        }
      ]
    },
    {
      "pathName": "ObstaclePath - 272",
      "waypointData": []
    },
    {
      "pathName": "ObstaclePath - 64",
      "waypointData": []
    },
    {
      "pathName": "ObstaclePath - 293",
      "waypointData": []
    },
    {
      "pathName": "ObstaclePath - 294",
      "waypointData": []
    },
    {
      "pathName": "ObstaclePath - 295",
      "waypointData": []
    },
    {
      "pathName": "ObstaclePath - 296",
      "waypointData": []
    },
    {
      "pathName": "ObstaclePath - 303",
      "waypointData": []
    },
    {
      "pathName": "ObstaclePath - 306",
      "waypointData": []
    },
    {
      "pathName": "ObstaclePath - 310",
      "waypointData": []
    },
    {
      "pathName": "ObstaclePath - 311",
      "waypointData": []
    },
    {
      "pathName": "ObstaclePath - 312",
      "waypointData": []
    },
    {
      "pathName": "ObstaclePath - 313",
      "waypointData": []
    },
    {
      "pathName": "ObstaclePath - 314",
      "waypointData": []
    },
    {
      "pathName": "ObstaclePath - 315",
      "waypointData": []
    },
    {
      "pathName": "ObstaclePath - 316",
      "waypointData": []
    },
    {
      "pathName": "ObstaclePath - 317",
      "waypointData": []
    },
    {
      "pathName": "ObstaclePath - 318",
      "waypointData": []
    },
    {
      "pathName": "ObstaclePath - 319",
      "waypointData": []
    },
    {
      "pathName": "ObstaclePath - 320",
      "waypointData": []
    },
    {
      "pathName": "ObstaclePath - 321",
      "waypointData": []
    },
    {
      "pathName": "ObstaclePath - 322",
      "waypointData": []
    },
    {
      "pathName": "PedPath - 6",
      "waypointData": [
        {
          "pos": {
            "x": 24.256000518798828,
            "y": 0.20000000298023224,
            "z": -120.51599884033203,
            "_x": "24.256",
            "_y": "0.200",
            "_z": "-120.516"
          },
          "rot": {
            "roll": "0.000",
            "pitch": "0.000",
            "yaw": "0.000"
          }
        },
        {
          "pos": {
            "x": 23.391000747680664,
            "y": 0.0,
            "z": -104.27999877929688,
            "_x": "23.391",
            "_y": "0.000",
            "_z": "-104.280"
          },
          "rot": {
            "roll": "0.000",
            "pitch": "0.000",
            "yaw": "0.000"
          }
        }
      ]
    },
    {
      "pathName": "ObstaclePath - 62",
      "waypointData": []
    },
    {
      "pathName": "PedPath - 300",
      "waypointData": [
        {
          "pos": {
            "x": 52.201000213623047,
            "y": 0.20000000298023224,
            "z": 110.74199676513672,
            "_x": "52.201",
            "_y": "0.200",
            "_z": "110.742"
          },
          "rot": {
            "roll": "0.000",
            "pitch": "0.000",
            "yaw": "0.000"
          }
        },
        {
          "pos": {
            "x": 52.006999969482422,
            "y": 0.20000000298023224,
            "z": 88.779998779296875,
            "_x": "52.007",
            "_y": "0.200",
            "_z": "88.780"
          },
          "rot": {
            "roll": "0.000",
            "pitch": "0.000",
            "yaw": "0.000"
          }
        }
      ]
    },
    {
      "pathName": "ObstaclePath - 300",
      "waypointData": []
    },
    {
      "pathName": "ObstaclePath - 66",
      "waypointData": []
    }
  ]
}