{
  "version": 1.0,
  "egoVehicle": {
    "DataID": 20200012,
    "UNIQUEID": -1,
    "m_eobstacleObjType": 0,
    "initPosition": {
      "initPositionMode": "Absolute",
      "pos": {
        "x": -93.402999877929688,
        "y": 17.371000289916992,
        "z": 0.35100001096725464,
        "_x": "-93.403",
        "_y": "17.371",
        "_z": "0.351"
      },
      "rot": {
        "roll": "0.000",
        "pitch": "0.178",
        "yaw": "-178.382"
      },
      "initLink": "",
      "initLinkRatio": 0,
      "gear": 4,
      "vehicleSaveData": {
        "velocity": 4.5923825382487848E-05,
        "inputData": [
          0,
          0,
          0,
          0,
          0,
          0,
          4,
          0,
          0,
          0,
          0,
          0,
          0,
          0
        ],
        "vehicle": {
          "time": 592.39556884765625,
          "lastVelocity": {
            "x": 9.5272326916528982E-07,
            "y": 2.8392074455041438E-05,
            "z": -2.17211262310002E-08
          },
          "lastImpactTime": 570.85205078125
        },
        "wheels": [
          {
            "L": 6.9292505031626206E-06,
            "Tr": -0.00020812175353057683,
            "contactDepth": 0.1383512020111084,
            "lastTireForce": {
              "x": -0.00063172308728098869,
              "y": 0.0005781159270554781
            }
          },
          {
            "L": 6.8971385189797729E-06,
            "Tr": -0.00020878379291389138,
            "contactDepth": 0.1383509635925293,
            "lastTireForce": {
              "x": -0.00094326998805627227,
              "y": 0.0005799549981020391
            }
          },
          {
            "L": 6.9280245043046307E-06,
            "Tr": -0.00020800519268959761,
            "contactDepth": 0.12903225421905518,
            "lastTireForce": {
              "x": -0.00076931226067245007,
              "y": 0.00057779217604547739
            }
          },
          {
            "L": 6.8984477366029751E-06,
            "Tr": -0.0002089028712362051,
            "contactDepth": 0.12903207540512085,
            "lastTireForce": {
              "x": -0.00076931278454139829,
              "y": 0.00058028585044667125
            }
          }
        ],
        "engine": {
          "L": 0.0,
          "Treaction": 0.0,
          "rpmLimiterActive": false,
          "rpmLimiterTime": 0.0,
          "tcsActivationTime": 0.0
        },
        "gearbox": {
          "L": 0.0,
          "manualGear": 0,
          "manualRatio": 0.0,
          "engaged": false,
          "lastEngagedTime": 0.0,
          "lastAutoShiftTime": 0.0,
          "vehicleMoving": false,
          "gearMode": 0,
          "automaticGear": 0,
          "automaticRatio": 0.0,
          "transition": false,
          "transitionStartedTime": 0.0,
          "fromGear": 0,
          "toGear": 0,
          "fromRatio": 0.0,
          "toRatio": 0.0,
          "transitionRatio": 0.0
        },
        "lastVelocity": {
          "x": 9.5272326916528982E-07,
          "y": 2.8392074455041438E-05,
          "z": -2.17211262310002E-08
        }
      }
    },
    "currentVelocity": 4.5923825382487848E-05,
    "desiredVelocityType": 2,
    "linkValue": 85.0,
    "customValue": 60.0,
    "v2vUDPSessionInfo": {
      "isInit": false,
      "v2vConfig": {
        "hostIP": "0.0.0.0",
        "Port": 5641,
        "receiveTimeout": 0,
        "BuffSize": 8196,
        "surroundVehiclePubTime": 100
      }
    },
    "beforeControlMode": 3,
    "currentControlMode": 1
  },
  "vehicleList": [],
  "pedestrianList": [],
  "objectList": [],
  "spawnPointList": [
    {
      "DataID": 90100001,
      "UNIQUEID": 2,
      "m_eobstacleObjType": 5,
      "pos": {
        "x": -111.47000122070313,
        "y": -1.4479999542236328,
        "z": 0.0,
        "_x": "-111.470",
        "_y": "-1.448",
        "_z": "0.000"
      },
      "rot": {
        "roll": "0.000",
        "pitch": "0.000",
        "yaw": "-174.620"
      },
      "scale": {
        "x": 1.0,
        "y": 1.0,
        "z": 1.0,
        "_x": "1.000",
        "_y": "1.000",
        "_z": "1.000"
      },
      "spawnVehicleTypeID": 30100003,
      "listVehicleLengthType": [
        2,
        3
      ],
      "isCloseLoop": false,
      "isLaneChange": false,
      "ParameterType": 2,
      "maximumSpawnVehicle": 50,
      "minSpawnPeriod": 5.0,
      "maxSpawnPeriod": 5.0,
      "SpawnVelocityType": 2,
      "MinSpawnVelocity_Custom": 3.0,
      "MaxSpawnVelocity_Custom": 3.0,
      "MinSpawnVelocity_Link": 0.0,
      "MaxSpawnVelocity_Link": 10.0,
      "DesiredVelocityType": 2,
      "MinDesiredVelocity_Custom": 10.0,
      "MaxDesiredVelocity_Custom": 10.0,
      "MinDesiredVelocity_Link": 85.0,
      "MaxDesiredVelocity_Link": 100.0,
      "spawnedVehiclesCount": 0,
      "isSpawning": false,
      "waitSpawnTime": 2.0868730545043945,
      "destinationObjUniqueID": 3,
      "startLinkInfo": {
        "linkIdx": "13",
        "pointIdx": 1
      },
      "endLinkInfo": {
        "linkIdx": "103",
        "pointIdx": 9
      },
      "latBiasMode": 2,
      "MinLatBias": -10.0,
      "MaxLatBias": 10.0,
      "DestinationMode": 1,
      "NPCSpawnType": 1,
      "SafetyDist": 5.0,
      "TTC": 1.0,
      "sPAWNPOINT_SETTING_MODE": 1,
      "rANDOMPOINT_LIFE_MODE": 1
    }
  ],
  "tlList": [
    {
      "index": 0,
      "state": 3,
      "deltaTime": 22.3023738861084
    },
    {
      "index": 1,
      "state": 1,
      "deltaTime": 22.3023738861084
    },
    {
      "index": 2,
      "state": 1,
      "deltaTime": 22.3023738861084
    }
  ],
  "mapInfo": {
    "mapName": "R_KR_PR_SeongnamCityHall",
    "eastOffset": 0.0,
    "northOffset": 0.0,
    "globalCoordinateSystem": "",
    "scenarioCoordinateSystem": "ENU"
  },
  "v2IInfo": {
    "isAlive": false,
    "acceptIp": "127.0.0.1",
    "acceptPort": 5000,
    "v2vIP": "127.0.0.1"
  },
  "pedspawnPointList": [],
  "aiPedstrianList": [],
  "shadedAreaList": [],
  "frictionChangeMaterialList": [],
  "waypointDataList": []
}