{
  "version": 1.0,
  "egoVehicle": {
    "DataID": 20200012,
    "UNIQUEID": -1,
    "m_eobstacleObjType": 0,
    "initPosition": {
      "initPositionMode": "Absolute",
      "pos": {
        "x": -147.8699951171875,
        "y": 18.594999313354492,
        "z": 0.35100001096725464,
        "_x": "-147.870",
        "_y": "18.595",
        "_z": "0.351"
      },
      "rot": {
        "roll": "0.000",
        "pitch": "0.178",
        "yaw": "89.601"
      },
      "initLink": "",
      "initLinkRatio": 0,
      "gear": 4,
      "vehicleSaveData": {
        "velocity": 0.0026038342621177435,
        "inputData": [
          0,
          0,
          0,
          0,
          0,
          0,
          4,
          0,
          0,
          0,
          0,
          0,
          0,
          0
        ],
        "vehicle": {
          "time": 683.08404541015625,
          "lastVelocity": {
            "x": -5.033155048295157E-06,
            "y": 6.55519954761985E-07,
            "z": -0.00072338961763307452
          },
          "lastImpactTime": 662.96295166015625
        },
        "wheels": [
          {
            "L": 0.003254968672990799,
            "Tr": -2.60266060649883E-05,
            "contactDepth": 0.13836205005645752,
            "lastTireForce": {
              "x": 0.0260871984064579,
              "y": 7.2338778409175575E-05
            }
          },
          {
            "L": 0.003254968672990799,
            "Tr": -2.604965993668884E-05,
            "contactDepth": 0.13836288452148438,
            "lastTireForce": {
              "x": -0.026084378361701965,
              "y": 7.2376104071736336E-05
            }
          },
          {
            "L": 0.0032549882307648659,
            "Tr": -2.6020297809736803E-05,
            "contactDepth": 0.12902534008026123,
            "lastTireForce": {
              "x": 8.64419291701779E-08,
              "y": 7.2329996328335255E-05
            }
          },
          {
            "L": 0.0032549886964261532,
            "Tr": -2.6047548089991324E-05,
            "contactDepth": 0.12902617454528809,
            "lastTireForce": {
              "x": 8.7687844541051163E-08,
              "y": 7.2354276198893785E-05
            }
          }
        ],
        "engine": {
          "L": 0.0,
          "Treaction": 0.0,
          "rpmLimiterActive": false,
          "rpmLimiterTime": 0.0,
          "tcsActivationTime": 0.0
        },
        "gearbox": {
          "L": 0.0,
          "manualGear": 0,
          "manualRatio": 0.0,
          "engaged": false,
          "lastEngagedTime": 0.0,
          "lastAutoShiftTime": 0.0,
          "vehicleMoving": false,
          "gearMode": 0,
          "automaticGear": 0,
          "automaticRatio": 0.0,
          "transition": false,
          "transitionStartedTime": 0.0,
          "fromGear": 0,
          "toGear": 0,
          "fromRatio": 0.0,
          "toRatio": 0.0,
          "transitionRatio": 0.0
        },
        "lastVelocity": {
          "x": -5.033155048295157E-06,
          "y": 6.55519954761985E-07,
          "z": -0.00072338961763307452
        }
      }
    },
    "currentVelocity": 0.0026038342621177435,
    "desiredVelocityType": 1,
    "linkValue": 85.0,
    "customValue": 50.0,
    "v2vUDPSessionInfo": {
      "isInit": false,
      "v2vConfig": {
        "hostIP": "0.0.0.0",
        "Port": 5641,
        "receiveTimeout": 0,
        "BuffSize": 8196,
        "surroundVehiclePubTime": 100
      }
    },
    "beforeControlMode": 3,
    "currentControlMode": 1
  },
  "vehicleList": [],
  "pedestrianList": [],
  "objectList": [
    {
      "DataID": 40100011,
      "UNIQUEID": 9,
      "m_eobstacleObjType": 4,
      "pos": {
        "x": -142.10099792480469,
        "y": 52.321998596191406,
        "z": 0.34000000357627869,
        "_x": "-142.101",
        "_y": "52.322",
        "_z": "0.340"
      },
      "rot": {
        "roll": "-0.024",
        "pitch": "359.980",
        "yaw": "179.291"
      },
      "scale": {
        "x": 1.0,
        "y": 1.0,
        "z": 1.0,
        "_x": "1.000",
        "_y": "1.000",
        "_z": "1.000"
      },
      "initPos": {
        "x": 0.0,
        "y": 0.0,
        "z": 0.0,
        "_x": "0.000",
        "_y": "0.000",
        "_z": "0.000"
      },
      "initRot": {
        "roll": "0.000",
        "pitch": "0.000",
        "yaw": "0.000"
      },
      "isWaypointMode": true,
      "moveSpeed": 0.0,
      "activeDistance": 0.0,
      "waypointEventList": []
    },
    {
      "DataID": 40100013,
      "UNIQUEID": 3,
      "m_eobstacleObjType": 4,
      "pos": {
        "x": -157.31399536132813,
        "y": 40.880001068115234,
        "z": 0.33000001311302185,
        "_x": "-157.314",
        "_y": "40.880",
        "_z": "0.330"
      },
      "rot": {
        "roll": "-359.980",
        "pitch": "0.020",
        "yaw": "-1.001"
      },
      "scale": {
        "x": 1.0,
        "y": 1.0,
        "z": 1.0,
        "_x": "1.000",
        "_y": "1.000",
        "_z": "1.000"
      },
      "initPos": {
        "x": 0.0,
        "y": 0.0,
        "z": 0.0,
        "_x": "0.000",
        "_y": "0.000",
        "_z": "0.000"
      },
      "initRot": {
        "roll": "0.000",
        "pitch": "0.000",
        "yaw": "0.000"
      },
      "isWaypointMode": true,
      "moveSpeed": 0.0,
      "activeDistance": 0.0,
      "waypointEventList": []
    },
    {
      "DataID": 40100012,
      "UNIQUEID": 5,
      "m_eobstacleObjType": 4,
      "pos": {
        "x": -144.85200500488281,
        "y": 45.355998992919922,
        "z": 0.37000000476837158,
        "_x": "-144.852",
        "_y": "45.356",
        "_z": "0.370"
      },
      "rot": {
        "roll": "-359.990",
        "pitch": "0.000",
        "yaw": "1.226"
      },
      "scale": {
        "x": 1.0,
        "y": 1.0,
        "z": 1.0,
        "_x": "1.000",
        "_y": "1.000",
        "_z": "1.000"
      },
      "initPos": {
        "x": 0.0,
        "y": 0.0,
        "z": 0.0,
        "_x": "0.000",
        "_y": "0.000",
        "_z": "0.000"
      },
      "initRot": {
        "roll": "0.000",
        "pitch": "0.000",
        "yaw": "0.000"
      },
      "isWaypointMode": true,
      "moveSpeed": 0.0,
      "activeDistance": 0.0,
      "waypointEventList": []
    },
    {
      "DataID": 40100012,
      "UNIQUEID": 8,
      "m_eobstacleObjType": 4,
      "pos": {
        "x": -144.65400695800781,
        "y": 59.297000885009766,
        "z": 0.37000000476837158,
        "_x": "-144.654",
        "_y": "59.297",
        "_z": "0.370"
      },
      "rot": {
        "roll": "-359.990",
        "pitch": "0.000",
        "yaw": "-0.498"
      },
      "scale": {
        "x": 1.0,
        "y": 1.0,
        "z": 1.0,
        "_x": "1.000",
        "_y": "1.000",
        "_z": "1.000"
      },
      "initPos": {
        "x": 0.0,
        "y": 0.0,
        "z": 0.0,
        "_x": "0.000",
        "_y": "0.000",
        "_z": "0.000"
      },
      "initRot": {
        "roll": "0.000",
        "pitch": "0.000",
        "yaw": "0.000"
      },
      "isWaypointMode": true,
      "moveSpeed": 0.0,
      "activeDistance": 0.0,
      "waypointEventList": []
    },
    {
      "DataID": 40100012,
      "UNIQUEID": 6,
      "m_eobstacleObjType": 4,
      "pos": {
        "x": -156.97000122070313,
        "y": 50.141998291015625,
        "z": 0.37000000476837158,
        "_x": "-156.970",
        "_y": "50.142",
        "_z": "0.370"
      },
      "rot": {
        "roll": "0.000",
        "pitch": "0.000",
        "yaw": "1.499"
      },
      "scale": {
        "x": 1.0,
        "y": 1.0,
        "z": 1.0,
        "_x": "1.000",
        "_y": "1.000",
        "_z": "1.000"
      },
      "initPos": {
        "x": 0.0,
        "y": 0.0,
        "z": 0.0,
        "_x": "0.000",
        "_y": "0.000",
        "_z": "0.000"
      },
      "initRot": {
        "roll": "0.000",
        "pitch": "0.000",
        "yaw": "0.000"
      },
      "isWaypointMode": true,
      "moveSpeed": 0.0,
      "activeDistance": 0.0,
      "waypointEventList": []
    },
    {
      "DataID": 40100013,
      "UNIQUEID": 2,
      "m_eobstacleObjType": 4,
      "pos": {
        "x": -157.25700378417969,
        "y": 38.439998626708984,
        "z": 0.33000001311302185,
        "_x": "-157.257",
        "_y": "38.440",
        "_z": "0.330"
      },
      "rot": {
        "roll": "-359.972",
        "pitch": "359.980",
        "yaw": "0.999"
      },
      "scale": {
        "x": 1.0,
        "y": 1.0,
        "z": 1.0,
        "_x": "1.000",
        "_y": "1.000",
        "_z": "1.000"
      },
      "initPos": {
        "x": 0.0,
        "y": 0.0,
        "z": 0.0,
        "_x": "0.000",
        "_y": "0.000",
        "_z": "0.000"
      },
      "initRot": {
        "roll": "0.000",
        "pitch": "0.000",
        "yaw": "0.000"
      },
      "isWaypointMode": true,
      "moveSpeed": 0.0,
      "activeDistance": 0.0,
      "waypointEventList": []
    },
    {
      "DataID": 40100052,
      "UNIQUEID": 10,
      "m_eobstacleObjType": 4,
      "pos": {
        "x": -147.63800048828125,
        "y": 55.784999847412109,
        "z": 0.0,
        "_x": "-147.638",
        "_y": "55.785",
        "_z": "0.000"
      },
      "rot": {
        "roll": "0.000",
        "pitch": "0.000",
        "yaw": "-90.000"
      },
      "scale": {
        "x": 1.0,
        "y": 1.0,
        "z": 1.0,
        "_x": "1.000",
        "_y": "1.000",
        "_z": "1.000"
      },
      "initPos": {
        "x": 0.0,
        "y": 0.0,
        "z": 0.0,
        "_x": "0.000",
        "_y": "0.000",
        "_z": "0.000"
      },
      "initRot": {
        "roll": "0.000",
        "pitch": "0.000",
        "yaw": "0.000"
      },
      "isWaypointMode": true,
      "moveSpeed": 0.0,
      "activeDistance": 0.0,
      "waypointEventList": []
    },
    {
      "DataID": 40100013,
      "UNIQUEID": 4,
      "m_eobstacleObjType": 4,
      "pos": {
        "x": -157.18299865722656,
        "y": 57.269001007080078,
        "z": 0.33000001311302185,
        "_x": "-157.183",
        "_y": "57.269",
        "_z": "0.330"
      },
      "rot": {
        "roll": "-359.980",
        "pitch": "0.000",
        "yaw": "0.500"
      },
      "scale": {
        "x": 1.0,
        "y": 1.0,
        "z": 1.0,
        "_x": "1.000",
        "_y": "1.000",
        "_z": "1.000"
      },
      "initPos": {
        "x": 0.0,
        "y": 0.0,
        "z": 0.0,
        "_x": "0.000",
        "_y": "0.000",
        "_z": "0.000"
      },
      "initRot": {
        "roll": "0.000",
        "pitch": "0.000",
        "yaw": "0.000"
      },
      "isWaypointMode": true,
      "moveSpeed": 0.0,
      "activeDistance": 0.0,
      "waypointEventList": []
    },
    {
      "DataID": 40100012,
      "UNIQUEID": 7,
      "m_eobstacleObjType": 4,
      "pos": {
        "x": -157.12800598144531,
        "y": 66.443000793457031,
        "z": 0.37000000476837158,
        "_x": "-157.128",
        "_y": "66.443",
        "_z": "0.370"
      },
      "rot": {
        "roll": "0.000",
        "pitch": "0.000",
        "yaw": "-0.001"
      },
      "scale": {
        "x": 1.0,
        "y": 1.0,
        "z": 1.0,
        "_x": "1.000",
        "_y": "1.000",
        "_z": "1.000"
      },
      "initPos": {
        "x": 0.0,
        "y": 0.0,
        "z": 0.0,
        "_x": "0.000",
        "_y": "0.000",
        "_z": "0.000"
      },
      "initRot": {
        "roll": "0.000",
        "pitch": "0.000",
        "yaw": "0.000"
      },
      "isWaypointMode": true,
      "moveSpeed": 0.0,
      "activeDistance": 0.0,
      "waypointEventList": []
    }
  ],
  "spawnPointList": [],
  "tlList": [
    {
      "index": 0,
      "state": 2,
      "deltaTime": 22.887300491333008
    },
    {
      "index": 1,
      "state": 1,
      "deltaTime": 22.887300491333008
    },
    {
      "index": 2,
      "state": 0,
      "deltaTime": 22.887300491333008
    }
  ],
  "mapInfo": {
    "mapName": "R_KR_PR_SeongnamCityHall",
    "eastOffset": 0.0,
    "northOffset": 0.0,
    "globalCoordinateSystem": "",
    "scenarioCoordinateSystem": "ENU"
  },
  "v2IInfo": {
    "isAlive": false,
    "acceptIp": "127.0.0.1",
    "acceptPort": 5000,
    "v2vIP": "127.0.0.1"
  },
  "pedspawnPointList": [],
  "aiPedstrianList": [],
  "shadedAreaList": [],
  "frictionChangeMaterialList": [],
  "waypointDataList": [
    {
      "pathName": "ObstaclePath - 2",
      "waypointData": []
    },
    {
      "pathName": "ObstaclePath - 3",
      "waypointData": []
    },
    {
      "pathName": "ObstaclePath - 4",
      "waypointData": []
    },
    {
      "pathName": "ObstaclePath - 5",
      "waypointData": []
    },
    {
      "pathName": "ObstaclePath - 6",
      "waypointData": []
    },
    {
      "pathName": "ObstaclePath - 7",
      "waypointData": []
    },
    {
      "pathName": "ObstaclePath - 8",
      "waypointData": []
    },
    {
      "pathName": "ObstaclePath - 9",
      "waypointData": []
    },
    {
      "pathName": "ObstaclePath - 10",
      "waypointData": []
    }
  ]
}