{
  "m_bPerformance": true,
  "m_bDrivingInfoMini": true,
  "m_bVehicleLabel": true,
  "m_bCustomMessage": false,
  "m_vecCustomMessagePos": {
    "x": 0.0,
    "y": 0.0,
    "z": 0.0
  },
  "m_bSpeedOnOff": true,
  "m_vecSpeedPos": {
    "x": 128.0,
    "y": 0.0,
    "z": 0.0
  },
  "m_bWheelOnOff": true,
  "m_vecWheelPos": {
    "x": 128.0,
    "y": 0.0,
    "z": 0.0
  },
  "m_bRPMOnOff": true,
  "m_vecRPMPos": {
    "x": 128.0,
    "y": 0.0,
    "z": 0.0
  },
  "m_bVehicleType": true,
  "m_bMapType": true
}